"UserID","SystemAgeAsOfReg","Gender","CountryID"
11,32,"M",276
14,39,"M",276
22,21,"M",56
37,25,"M",276
38,60,"F",276
42,45,"M",276
70,40,"M",484
73,25,"M",40
87,30,"M",484
124,53,"M",276
125,25,"M",703
145,26,"M",276
148,27,"M",703
154,25,"M",276
159,19,"M",276
167,24,"M",826
194,18,"M",250
199,41,"M",250
208,21,"M",250
227,35,"M",724
239,38,"M",724
279,34,"M",250
281,27,"M",528
284,23,"M",276
292,21,"M",788
374,32,"M",756
385,21,"F",276
429,28,"M",276
430,27,"M",724
463,23,"M",276
465,22,"M",250
469,35,"M",276
475,33,"M",276
488,27,"M",348
502,27,"M",250
506,20,"M",203
536,39,"M",826
540,26,"M",250
543,20,"M",276
545,24,"F",276
554,46,"M",250
557,44,"M",756
567,48,"M",458
590,41,"M",724
596,29,"M",276
598,51,"F",276
603,23,"M",40
612,52,"M",40
622,26,"M",250
628,27,"M",56
642,25,"M",250
645,29,"M",276
646,24,"M",40
671,20,"M",203
687,32,"M",528
701,21,"M",250
702,37,"M",250
715,25,"M",250
722,18,"M",724
735,27,"M",250
750,32,"M",250
755,26,"M",276
760,25,"F",40
766,30,"M",643
781,47,"F",458
801,48,"F",250
803,23,"M",504
817,28,"M",250
826,23,"M",250
831,33,"M",250
833,56,"M",616
850,19,"M",276
862,32,"M",56
866,20,"M",788
872,29,"M",276
876,27,"M",276
900,18,"M",276
903,37,"M",250
927,47,"M",276
953,24,"M",826
972,33,"M",528
976,29,"M",826
985,18,"M",724
986,25,"M",756
999,34,"M",276
1000,22,"M",250
1023,26,"M",250
1027,18,"M",276
1031,26,"M",276
1054,22,"M",203
1078,39,"M",250
1089,38,"M",788
1090,19,"M",276
1111,50,"M",203
1113,18,"M",250
1118,27,"M",276
1137,19,"M",826
1143,30,"M",56
1181,24,"F",458
1183,26,"M",276
1188,26,"F",250
1205,27,"M",788
1211,32,"F",276
1238,31,"M",250
1249,24,"M",250
1253,32,"M",250
1261,22,"M",250
1273,23,"M",203
1274,30,"M",276
1279,22,"M",276
1280,21,"M",756
1287,18,"M",528
1295,33,"M",250
1316,21,"M",756
1322,20,"M",31
1327,18,"M",528
1342,22,"M",756
1344,28,"M",276
1355,25,"M",250
1398,27,"F",250
1412,23,"M",276
1425,28,"M",724
1460,29,"M",276
1479,29,"M",250
1485,16,"M",788
1486,26,"F",276
1493,19,"M",348
1494,21,"M",276
1495,21,"M",724
1504,27,"F",203
1530,46,"F",276
1575,46,"M",484
1580,29,"M",788
1591,24,"F",826
1599,23,"M",276
1622,22,"M",250
1636,27,"M",250
1640,26,"M",276
1652,30,"M",348
1672,24,"M",616
1690,28,"M",276
1691,25,"M",826
1704,25,"M",276
1750,35,"M",826
1774,41,"M",348
1785,28,"M",250
1793,22,"M",276
1796,30,"M",528
1801,19,"M",203
1824,35,"M",484
1825,29,"M",826
1851,27,"M",250
1860,24,"M",616
1862,21,"M",250
1876,25,"M",250
1878,37,"M",276
1884,24,"M",203
1901,38,"M",250
1910,29,"M",56
1912,28,"M",276
1937,19,"M",348
1941,22,"M",56
1959,19,"M",616
1968,24,"M",826
1973,20,"M",703
1976,20,"M",250
1986,51,"M",56
1994,31,"F",250
2004,19,"M",724
2012,36,"M",250
2015,21,"M",276
2022,27,"M",276
2029,24,"M",56
2044,28,"M",276
2045,23,"M",250
2059,21,"M",276
2070,20,"M",203
2089,25,"M",276
2090,27,"M",276
2092,29,"M",826
2097,35,"M",276
2107,27,"F",250
2112,32,"M",250
2118,24,"M",250
2121,29,"F",250
2144,23,"M",826
2152,24,"M",250
2153,38,"F",56
2162,31,"M",484
2170,27,"M",276
2174,36,"M",826
2186,26,"M",528
2204,26,"M",250
2215,26,"M",276
2235,39,"M",250
2287,26,"M",250
2299,37,"M",250
2310,18,"M",NA
2314,23,"M",276
2325,22,"M",276
2327,27,"M",276
2372,25,"M",528
2381,33,"M",276
2445,25,"M",276
2447,22,"M",40
2474,25,"M",56
2489,24,"F",276
2490,29,"M",826
2492,24,"M",56
2495,36,"M",616
2498,37,"M",724
2517,24,"M",56
2527,29,"M",348
2531,23,"M",250
2597,27,"M",276
2620,29,"M",724
2675,39,"M",643
2679,24,"M",826
2683,18,"M",276
2697,27,"M",724
2717,25,"M",203
2730,27,"M",250
2731,34,"M",70
2815,23,"M",250
2822,52,"F",276
2827,35,"M",56
2846,29,"M",826
2849,45,"F",203
2859,50,"M",56
2860,24,"M",276
2863,33,"M",724
2916,41,"M",20
2958,21,"M",250
2962,50,"M",616
2966,52,"M",250
2984,27,"M",724
2989,27,"F",643
2998,18,"M",276
3001,39,"M",276
3005,25,"M",276
3007,32,"M",250
3028,29,"M",250
3033,22,"M",276
3042,26,"M",40
3048,49,"M",276
3053,27,"M",276
3073,23,"F",276
3074,44,"F",724
3091,29,"M",724
3097,20,"M",276
3099,48,"M",56
3136,30,"M",250
3155,28,"M",203
3172,19,"M",276
3179,19,"M",276
3186,18,"M",276
3192,25,"M",56
3226,28,"M",56
3269,18,"M",276
3297,24,"M",352
3309,26,"M",756
3317,37,"M",250
3329,18,"M",826
3377,25,"M",348
3394,26,"M",276
3404,26,"M",724
3416,40,"M",276
3505,24,"M",724
3509,25,"M",203
3512,18,"M",31
3522,29,"M",276
3536,19,"M",348
3539,29,"M",724
3541,32,"M",643
3569,23,"M",276
3605,18,"M",40
3613,18,"M",250
3616,25,"M",250
3617,21,"M",276
3623,20,"M",703
3624,88,"F",250
3626,23,"M",250
3646,23,"M",724
3663,38,"M",724
3670,18,"M",528
3672,28,"M",826
3681,26,"M",250
3692,29,"M",56
3738,21,"M",756
3755,22,"M",276
3762,19,"M",40
3779,22,"M",276
3795,30,"M",348
3796,33,"M",276
3805,34,"M",276
3826,20,"M",203
3828,25,"M",70
3829,23,"M",276
3841,34,"M",276
3862,29,"M",250
3880,43,"M",724
3900,29,"M",250
3911,24,"M",250
3933,35,"M",724
3944,26,"M",124
3960,31,"M",276
3964,32,"M",276
3966,22,"M",788
3987,24,"M",788
3988,18,"M",276
3990,27,"M",724
4001,18,"M",703
4006,24,"M",250
4045,17,"M",276
4065,37,"M",276
4066,27,"F",250
4070,47,"M",826
4072,39,"M",203
4093,26,"M",276
4105,22,"M",203
4111,29,"M",276
4123,27,"M",250
4133,28,"M",203
4143,35,"F",724
4145,18,"F",250
4159,20,"M",724
4161,36,"M",250
4164,22,"M",250
4182,30,"M",756
4201,31,"M",616
4202,24,"M",703
4217,32,"M",56
4224,30,"M",NA
4227,25,"M",203
4229,27,"M",276
4233,19,"M",203
4234,23,"M",250
4250,30,"M",756
4260,36,"M",826
4262,25,"M",276
4290,27,"M",826
4315,30,"M",498
4316,37,"M",276
4325,22,"M",56
4328,25,"M",616
4337,43,"M",276
4350,25,"M",276
4351,31,"M",250
4355,45,"M",643
4357,27,"F",348
4358,33,"M",250
4368,20,"M",250
4370,28,"M",528
4382,20,"M",203
4389,18,"M",203
4396,25,"M",276
4399,20,"M",250
4416,54,"M",724
4417,26,"M",276
4423,25,"M",40
4438,27,"M",250
4445,31,"M",276
4464,31,"M",250
4467,23,"M",826
4474,26,"F",616
4486,25,"M",528
4494,25,"M",276
4497,25,"M",276
4499,37,"M",250
4501,25,"M",124
4502,50,"M",250
4521,32,"M",250
4522,19,"M",276
4524,24,"M",703
4527,21,"M",276
4537,23,"M",276
4564,23,"M",250
4574,23,"M",250
4580,28,"M",40
4583,37,"F",528
4592,18,"M",276
4603,30,"M",250
4636,41,"M",250
4661,23,"M",788
4664,24,"M",826
4667,27,"M",276
4675,22,"M",276
4685,23,"F",276
4691,26,"M",276
4710,57,"M",724
4712,46,"M",372
4713,18,"M",250
4728,45,"M",276
4738,25,"M",276
4780,20,"M",56
4794,21,"M",724
4796,31,"F",250
4797,22,"M",250
4831,37,"M",250
4832,27,"M",276
4861,28,"M",724
4888,27,"M",203
4894,19,"M",250
4921,36,"M",788
4924,32,"M",250
4944,19,"M",276
4961,42,"M",276
4963,21,"M",826
4980,20,"M",724
4983,32,"F",40
4993,70,"F",250
5007,38,"M",442
5011,23,"M",250
5024,24,"M",276
5030,46,"M",528
5034,19,"M",276
5040,22,"M",203
5074,19,"M",276
5101,22,"M",818
5107,25,"M",643
5110,21,"F",703
5113,27,"M",124
5165,29,"M",56
5173,32,"M",756
5178,19,"M",724
5200,18,"M",703
5210,26,"M",826
5212,18,"M",250
5213,22,"M",276
5223,25,"F",250
5224,36,"M",724
5246,30,"M",250
5274,43,"F",276
5277,25,"M",276
5285,33,"M",724
5287,53,"M",276
5288,31,"M",826
5316,22,"M",250
5319,25,"M",40
5332,30,"M",276
5333,60,"M",250
5339,32,"M",276
5354,59,"M",276
5361,28,"M",826
5375,26,"F",276
5381,36,"F",250
5388,27,"F",724
5391,23,"M",276
5403,20,"F",250
5404,29,"M",203
5437,30,"M",724
5443,25,"M",756
5444,26,"M",724
5454,28,"M",417
5491,26,"M",276
5506,33,"M",250
5509,23,"M",276
5511,72,"M",56
5530,37,"F",250
5537,27,"M",703
5551,20,"M",348
5559,20,"M",70
5578,36,"M",40
5587,37,"M",250
5625,26,"F",250
5630,45,"M",276
5639,36,"M",484
5671,27,"M",756
5690,30,"M",276
5701,20,"M",203
5703,21,"M",276
5713,32,"M",276
5725,30,"M",360
5735,21,"M",276
5738,34,"M",826
5754,61,"M",250
5756,19,"F",250
5767,29,"F",250
5771,27,"M",250
5778,21,"M",724
5813,24,"M",528
5886,38,"M",250
5906,34,"F",724
5918,18,"M",203
5925,33,"M",276
5927,28,"M",276
5939,27,"M",703
5947,25,"M",458
5950,19,"M",203
5960,44,"M",276
6003,26,"M",250
6012,29,"M",250
6016,43,"F",250
6037,43,"M",250
6039,23,"M",40
6062,39,"M",616
6078,33,"M",276
6098,20,"M",788
6107,26,"M",348
6109,21,"M",724
6117,24,"M",276
6136,23,"M",250
6139,23,"M",250
6146,20,"M",276
6149,20,"M",203
6159,34,"M",756
6178,20,"M",826
6182,29,"M",276
6196,25,"M",724
6198,55,"M",250
6201,26,"M",40
6213,36,"M",56
6216,30,"M",276
6218,26,"M",56
6237,44,"F",250
6242,18,"M",756
6269,41,"M",826
6285,23,"M",276
6290,29,"M",788
6293,26,"M",250
6298,27,"M",826
6299,29,"M",724
6305,23,"M",250
6308,25,"M",276
6343,23,"M",276
6378,32,"M",250
6379,29,"M",250
6394,29,"M",250
6402,29,"M",250
6415,19,"M",276
6420,27,"M",124
6434,32,"M",276
6439,19,"M",40
6440,23,"M",203
6478,33,"M",276
6484,24,"F",56
6490,35,"M",250
6517,22,"M",276
6533,37,"M",724
6534,24,"M",528
6541,22,"M",348
6557,27,"M",276
6571,18,"M",276
6582,22,"M",756
6619,24,"M",643
6623,28,"M",250
6629,29,"M",276
6638,20,"M",442
6661,20,"M",442
6668,26,"M",276
6719,28,"M",276
6736,25,"M",124
6761,24,"M",788
6778,24,"M",276
6797,30,"M",348
6806,25,"M",276
6812,23,"M",250
6869,35,"F",826
6874,52,"M",276
6882,33,"M",703
6883,20,"M",826
6896,22,"M",203
6902,20,"M",56
6903,27,"M",276
6906,30,"M",276
6912,26,"M",788
6918,18,"F",348
6926,27,"M",250
6928,30,"M",250
6942,20,"M",616
6946,23,"M",276
6950,19,"M",724
6962,22,"M",724
6984,28,"M",724
6994,31,"M",250
7025,30,"M",276
7028,49,"M",40
7040,33,"M",250
7045,30,"M",616
7065,25,"M",250
7066,52,"M",250
7077,18,"M",528
7096,25,"M",826
7105,43,"M",724
7116,28,"M",40
7164,26,"M",826
7170,25,"M",250
7175,25,"M",276
7192,28,"M",756
7196,24,"M",276
7202,18,"M",250
7214,20,"F",276
7231,19,"M",276
7237,28,"M",250
7254,18,"M",756
7259,21,"M",348
7271,34,"M",276
7287,22,"M",276
7293,22,"M",276
7296,27,"M",276
7334,21,"M",276
7345,20,"M",528
7349,29,"M",56
7351,31,"F",250
7367,24,"F",276
7424,27,"M",31
7439,65,"F",40
7442,24,"M",348
7456,27,"M",56
7472,36,"M",40
7480,21,"M",276
7491,20,"M",276
7514,18,"M",348
7516,29,"M",250
7536,30,"F",250
7571,28,"M",250
7581,23,"M",250
7604,25,"M",203
7609,47,"M",724
7617,30,"M",276
7643,30,"M",250
7651,19,"M",348
7692,20,"F",40
7708,27,"M",276
7710,29,"M",276
7712,22,"M",250
7714,19,"M",276
7718,50,"M",724
7771,27,"M",616
7801,33,"M",724
7804,52,"M",276
7829,25,"M",348
7840,18,"M",203
7857,24,"M",203
7866,27,"M",276
7921,18,"M",276
7936,44,"M",250
7939,41,"F",250
7955,27,"M",56
7958,18,"M",56
7960,25,"M",56
7961,27,"M",56
8003,19,"M",276
8037,20,"M",276
8073,24,"M",250
8074,18,"M",250
8077,29,"M",250
8079,20,"M",250
8089,39,"F",724
8100,24,"M",724
8116,37,"M",724
8120,25,"M",724
8143,25,"M",250
8148,28,"M",348
8160,29,"M",826
8170,41,"M",250
8173,42,"M",724
8177,28,"M",442
8197,20,"M",276
8198,30,"M",826
8209,19,"M",724
8221,29,"M",203
8239,37,"M",276
8241,19,"M",203
8247,29,"M",442
8262,30,"M",250
8289,24,"M",250
8305,25,"M",56
8314,27,"M",276
8317,43,"M",276
8320,22,"M",348
8328,20,"M",724
8357,18,"M",203
8369,25,"M",276
8376,33,"M",348
8385,19,"M",276
8403,19,"M",250
8420,62,"M",250
8441,24,"F",56
8442,25,"M",40
8444,24,"F",724
8450,31,"M",250
8487,25,"M",276
8494,21,"F",616
8495,26,"M",724
8502,36,"M",203
8509,20,"M",276
8531,29,"M",826
8541,23,"M",276
8563,23,"M",203
8570,18,"M",276
8574,28,"M",528
8598,23,"M",56
8621,21,"M",348
8629,20,"M",724
8671,22,"M",250
8684,18,"M",250
8691,22,"M",724
8692,48,"M",250
8693,31,"M",528
8702,25,"M",56
8710,35,"M",250
8711,29,"M",276
8717,30,"M",250
8733,18,"M",616
8749,48,"M",756
8762,32,"M",250
8770,22,"M",703
8772,19,"M",203
8774,22,"M",203
8780,34,"M",70
8795,31,"M",276
8811,31,"M",250
8825,55,"M",276
8871,19,"M",56
8875,24,"M",756
8884,21,"M",276
8886,28,"M",40
8894,22,"M",276
8918,21,"M",703
8940,30,"M",276
8943,27,"M",276
8956,28,"M",276
8963,19,"M",528
8968,28,"M",250
8977,24,"M",756
8983,26,"M",276
9000,49,"M",276
9027,31,"M",276
9037,40,"M",250
9038,51,"M",250
9055,26,"F",250
9078,21,"M",250
9086,27,"M",724
9087,20,"M",250
9091,26,"M",250
9093,26,"M",752
9094,63,"M",250
9113,44,"F",276
9150,19,"M",348
9155,20,"M",276
9161,21,"M",643
9163,23,"M",203
9171,18,"M",703
9189,18,"M",276
9193,23,"M",276
9223,26,"M",250
9242,24,"M",724
9243,28,"M",250
9245,20,"M",250
9280,34,"M",250
9290,19,"M",480
9299,26,"M",348
9300,24,"F",56
9316,18,"M",40
9317,51,"M",NA
9324,21,"M",250
9340,24,"M",250
9351,22,"M",250
9382,25,"M",276
9388,29,"M",40
9400,19,"M",276
9407,36,"M",250
9409,35,"M",250
9410,24,"M",40
9411,18,"M",203
9421,31,"M",276
9424,38,"M",756
9427,23,"F",250
9431,30,"M",250
9446,23,"M",203
9459,25,"M",250
9464,24,"M",276
9467,23,"M",276
9475,18,"M",756
9481,28,"M",276
9482,54,"M",40
9500,31,"M",250
9509,21,"F",348
9518,50,"M",56
9520,22,"M",348
9522,23,"M",250
9529,21,"M",756
9569,18,"M",276
9593,32,"M",250
9610,39,"M",276
9623,32,"M",250
9624,31,"M",348
9642,30,"M",40
9649,33,"M",276
9655,26,"M",276
9658,21,"M",250
9672,20,"M",724
9685,22,"M",724
9703,39,"M",276
9717,20,"M",276
9726,33,"M",56
9756,21,"M",250
9765,24,"M",276
9808,25,"F",276
9815,25,"M",250
9827,28,"M",756
9843,25,"M",276
9850,25,"M",250
9860,31,"M",250
9863,21,"M",276
9873,34,"M",40
9896,27,"M",276
9911,18,"M",276
9915,20,"M",276
9922,34,"M",276
9937,31,"M",276
9950,23,"M",724
9961,27,"M",826
9962,20,"M",70
9969,23,"M",724
9970,25,"M",250
9977,33,"M",250
9982,34,"M",250
9992,31,"M",56
9993,47,"F",372
10009,22,"M",442
10014,36,"M",276
10018,38,"M",826
10035,31,"M",276
10052,21,"M",56
10055,31,"M",250
10064,36,"M",756
10065,22,"M",703
10083,39,"M",56
10103,24,"M",724
10107,24,"M",724
10109,28,"M",250
10113,22,"M",703
10140,21,"M",203
10169,21,"M",784
10175,24,"M",250
10178,29,"M",616
10192,32,"M",250
10211,32,"M",250
10227,34,"M",56
10230,32,"M",56
10257,27,"M",40
10274,23,"F",250
10286,32,"M",724
10303,20,"M",756
10311,25,"M",276
10315,46,"F",276
10316,22,"M",40
10343,19,"M",276
10344,24,"M",470
10358,31,"M",528
10371,26,"M",752
10385,24,"M",12
10406,29,"M",643
10412,25,"M",276
10424,35,"M",276
10427,31,"M",578
10435,40,"M",703
10442,23,"M",250
10449,24,"M",250
10452,32,"M",250
10455,28,"M",250
10456,30,"M",250
10464,23,"M",250
10499,30,"M",250
10518,34,"M",56
10526,36,"M",348
10543,20,"M",756
10559,23,"M",250
10562,27,"M",276
10579,27,"M",250
10592,18,"M",348
10601,30,"M",250
10603,29,"M",616
10630,34,"M",250
10632,31,"M",56
10636,18,"M",250
10671,28,"M",250
10683,28,"M",348
10693,28,"F",250
10695,24,"F",578
10720,45,"M",124
10722,37,"F",56
10736,21,"M",276
10742,22,"M",348
10754,23,"M",756
10774,24,"M",250
10776,24,"M",56
10824,24,"M",203
10830,19,"F",276
10834,21,"M",40
10838,40,"M",56
10839,25,"M",203
10841,23,"M",250
10853,23,"M",203
10864,31,"M",528
10868,33,"M",56
10895,19,"M",276
10901,27,"M",276
10914,26,"M",724
10915,44,"M",250
10917,20,"M",250
10934,23,"M",276
10953,25,"M",348
10992,22,"M",203
10993,49,"F",276
10998,35,"M",276
11005,21,"M",348
11006,21,"M",250
11039,29,"M",756
11052,34,"F",724
11057,19,"M",250
11068,26,"F",348
11081,35,"M",643
11087,35,"M",40
11108,43,"M",348
11139,43,"F",56
11145,28,"M",348
11148,21,"M",250
11154,24,"M",40
11169,35,"M",250
11170,25,"M",250
11198,32,"M",250
11206,27,"M",203
11208,47,"M",40
11218,23,"M",756
11245,20,"F",250
11285,29,"M",348
11313,38,"F",250
11366,26,"M",250
11373,20,"M",528
11376,24,"M",826
11381,42,"M",250
11386,21,"M",276
11405,35,"M",250
11419,25,"M",276
11421,22,"M",703
11424,48,"M",276
11437,32,"M",276
11439,20,"M",826
11445,25,"M",250
11450,40,"M",56
11498,29,"M",250
11504,21,"M",348
11517,24,"M",70
11538,40,"M",724
11540,19,"M",276
11541,23,"M",348
11560,21,"M",756
11565,28,"M",348
11580,24,"M",250
11594,38,"M",250
11596,24,"M",250
11598,19,"M",528
11610,18,"M",250
11616,21,"M",250
11628,24,"M",276
11646,27,"M",250
11654,39,"M",756
11670,36,"M",826
11700,22,"M",250
11718,28,"M",276
11721,26,"M",724
11724,28,"M",276
11725,34,"M",788
11737,21,"M",724
11742,20,"M",8
11756,18,"M",276
11766,18,"M",484
11774,20,"M",724
11785,38,"M",826
11802,18,"M",276
11806,21,"M",276
11823,31,"M",250
11828,18,"M",724
11837,35,"M",752
11841,43,"M",40
11844,30,"M",250
11846,27,"M",276
11851,28,"M",250
11872,26,"M",276
11887,43,"F",752
11889,26,"M",276
11893,34,"M",40
11902,24,"M",484
11903,27,"M",276
11906,18,"M",528
11908,23,"M",70
11927,28,"M",276
11934,27,"F",124
11944,36,"M",250
11962,43,"M",250
11972,32,"M",348
11982,28,"M",724
11992,20,"M",250
12000,28,"M",40
12001,26,"M",276
12032,20,"M",276
12033,25,"M",826
12036,21,"M",348
12042,26,"M",616
12061,22,"M",250
12068,20,"M",826
12069,19,"M",703
12074,26,"M",643
12077,39,"M",276
12080,31,"M",788
12086,22,"M",31
12096,24,"M",484
12098,24,"M",372
12110,37,"M",528
12117,38,"M",250
12124,26,"M",56
12128,21,"M",528
12129,34,"F",276
12142,20,"M",643
12148,20,"M",276
12149,22,"M",56
12155,19,"M",528
12159,51,"M",826
12166,34,"M",826
12198,18,"M",40
12200,23,"M",31
12201,28,"M",56
12210,25,"M",826
12213,22,"F",348
12230,24,"M",250
12274,25,"M",752
12280,30,"M",724
12297,22,"M",276
12298,22,"M",756
12308,35,"M",250
12310,26,"M",643
12316,47,"M",276
12318,39,"M",250
12319,21,"M",348
12339,20,"F",250
12340,23,"M",528
12352,19,"M",276
12357,26,"M",276
12364,27,"M",276
12390,23,"M",348
12404,32,"M",56
12407,34,"M",250
12412,19,"M",826
12422,23,"M",276
12464,49,"M",56
12472,26,"M",203
12492,24,"M",250
12495,28,"M",643
12501,20,"F",250
12502,23,"M",40
12505,36,"M",276
12508,32,"M",203
12513,31,"F",724
12553,28,"M",826
12560,27,"M",250
12562,22,"F",203
12571,35,"M",276
12584,36,"M",276
12598,24,"M",250
12606,21,"M",348
12615,29,"M",348
12620,44,"M",276
12634,28,"M",276
12651,30,"M",756
12654,25,"F",250
12665,23,"M",352
12681,25,"F",250
12688,32,"M",826
12694,28,"M",752
12703,29,"M",250
12707,32,"M",276
12711,20,"M",788
12716,18,"F",756
12720,21,"M",40
12723,23,"M",250
12732,26,"M",250
12743,24,"M",250
12745,27,"M",250
12750,31,"M",276
12763,22,"M",276
12774,38,"M",826
12793,49,"F",276
12814,25,"M",276
12823,38,"M",250
12837,26,"M",276
12862,29,"M",276
12885,29,"M",276
12896,23,"M",276
12903,34,"M",826
12922,29,"M",826
12933,32,"M",250
12935,25,"M",250
12937,60,"M",250
12938,30,"M",276
12949,40,"M",40
12956,33,"M",442
12960,23,"M",276
12962,21,"M",276
12967,30,"M",616
12972,28,"F",276
12973,27,"M",276
13002,24,"M",756
13010,18,"M",250
13016,27,"F",203
13017,21,"M",276
13036,32,"M",250
13037,19,"M",528
13049,20,"F",703
13061,25,"M",250
13074,24,"M",250
13097,27,"M",826
13114,22,"M",276
13128,26,"M",56
13134,36,"M",250
13202,24,"M",724
13208,32,"M",250
13240,33,"M",276
13252,34,"F",250
13267,23,"M",276
13270,18,"M",348
13309,20,"M",56
13311,24,"M",276
13322,22,"F",203
13346,23,"M",276
13369,18,"M",348
13397,46,"M",250
13398,32,"M",528
13415,22,"M",276
13448,31,"M",826
13452,26,"M",250
13453,30,"M",276
13454,48,"F",250
13462,25,"M",826
13479,20,"M",724
13525,23,"M",276
13537,32,"M",250
13546,39,"M",250
13549,22,"M",724
13552,26,"F",250
13556,26,"F",276
13588,35,"F",276
13593,24,"F",276
13596,46,"M",276
13633,30,"M",276
13637,29,"M",276
13640,37,"M",276
13653,33,"M",703
13663,30,"M",703
13667,34,"M",756
13678,28,"M",250
13701,23,"F",276
13702,27,"M",724
13735,50,"M",250
13739,26,"F",250
13754,31,"M",276
13757,26,"M",752
13773,47,"M",276
13782,24,"M",250
13811,26,"M",528
13821,36,"M",56
13829,47,"M",250
13839,21,"M",348
13849,23,"M",788
13850,22,"M",756
13898,29,"M",276
13919,19,"M",724
13927,19,"M",724
13929,21,"M",56
13937,19,"M",250
13958,27,"M",276
13963,33,"M",756
13978,33,"M",276
13986,49,"M",250
13994,38,"M",484
13996,33,"M",56
13998,25,"M",250
14010,69,"F",250
14019,28,"M",250
14060,26,"F",616
14065,26,"M",40
14086,40,"M",203
14088,38,"M",250
14108,31,"M",484
14116,45,"M",752
14117,29,"M",40
14131,28,"M",40
14160,28,"M",276
14165,28,"M",276
14180,32,"M",8
14205,29,"M",826
14226,23,"M",348
14249,32,"M",250
14256,22,"M",250
14260,35,"M",250
14266,26,"M",250
14342,24,"M",31
14349,28,"M",276
14376,23,"F",276
14395,36,"M",276
14437,24,"M",276
14441,37,"M",276
14452,34,"M",250
14462,31,"M",788
14465,28,"M",528
14468,21,"M",250
14482,28,"F",788
14484,31,"M",276
14503,24,"M",528
14529,20,"F",203
14536,39,"M",56
14537,31,"M",724
14548,41,"F",724
14569,28,"M",276
14604,35,"M",250
14626,34,"M",56
14628,26,"M",56
14634,25,"M",276
14666,23,"M",276
14669,22,"M",250
14670,30,"M",250
14672,26,"M",250
14688,26,"F",250
14705,25,"M",826
14711,34,"M",250
14714,35,"M",756
14730,23,"M",250
14735,22,"M",616
14744,39,"M",250
14756,23,"M",56
14759,52,"M",250
14781,26,"M",250
14794,36,"M",276
14799,27,"M",795
14836,29,"M",826
14838,53,"M",40
14846,21,"M",276
14876,24,"M",756
14899,33,"M",250
14915,29,"M",250
14932,32,"M",250
14944,27,"M",250
14949,25,"M",250
14992,25,"M",250
15016,28,"M",724
15038,40,"M",250
15057,39,"M",56
15081,25,"M",276
15084,27,"M",250
15086,26,"M",724
15093,25,"M",250
15095,31,"M",756
15099,19,"M",724
15121,28,"M",276
15131,26,"M",250
15149,24,"M",250
15168,25,"F",276
15188,26,"M",40
15222,22,"F",276
15239,29,"M",276
15255,29,"M",724
15257,18,"M",788
15286,19,"M",250
15296,18,"M",250
15300,25,"M",50
15325,28,"M",250
15328,35,"M",276
15352,24,"M",616
15363,22,"M",528
15367,24,"F",56
15416,41,"M",276
15423,30,"M",528
15436,29,"M",826
15453,26,"M",276
15468,18,"M",724
15510,31,"F",40
15516,34,"M",756
15527,29,"M",724
15528,18,"M",724
15570,27,"M",250
15573,31,"M",276
15592,24,"M",724
15625,26,"M",276
15635,25,"M",250
15652,19,"M",250
15719,22,"M",724
15721,24,"M",528
15726,33,"M",250
15730,28,"M",NA
15735,30,"M",276
15740,60,"F",124
15750,21,"M",756
15766,26,"M",276
15774,41,"M",724
15778,20,"F",276
15784,19,"M",276
15788,31,"F",250
15804,53,"M",250
15810,46,"M",752
15846,35,"M",250
15848,27,"M",826
15882,26,"M",752
15886,52,"M",276
15893,42,"M",56
15896,31,"M",40
15914,23,"F",724
15951,29,"M",250
15994,31,"F",250
16029,30,"M",250
16033,27,"M",250
16042,34,"M",56
16075,23,"M",276
16087,24,"M",616
16091,23,"M",276
16111,21,"M",250
16136,21,"M",498
16141,29,"M",250
16194,21,"M",250
16199,22,"M",756
16201,21,"M",276
16207,43,"M",276
16209,27,"M",250
16252,36,"M",276
16271,46,"M",250
16280,20,"M",524
16298,24,"M",250
16306,18,"M",276
16320,25,"M",276
16321,36,"M",276
16331,38,"M",616
16358,29,"M",250
16386,38,"F",724
16440,34,"M",250
16450,30,"M",250
16453,21,"M",788
16461,32,"F",40
16475,42,"M",276
16479,21,"M",348
16481,39,"M",276
16504,39,"M",40
16508,23,"M",40
16533,57,"F",724
16534,26,"M",250
16555,19,"M",250
16560,43,"F",348
16564,22,"M",276
16574,24,"M",442
16586,30,"M",442
16601,24,"M",276
16631,21,"F",250
16635,20,"M",826
16638,27,"M",276
16642,34,"M",250
16665,32,"M",250
16673,28,"M",724
16684,27,"M",276
16713,38,"M",528
16752,26,"M",528
16774,27,"M",250
16779,34,"M",56
16796,37,"M",250
16804,47,"M",250
16843,36,"M",276
16845,24,"M",56
16895,27,"F",276
16897,32,"M",276
16944,28,"M",348
16968,61,"M",250
16977,45,"M",250
16995,29,"M",348
16996,28,"M",276
17026,36,"M",348
17030,47,"M",826
17048,31,"M",40
17051,26,"F",276
17053,23,"M",276
17063,28,"M",276
17065,20,"M",724
17067,58,"M",276
17078,25,"M",276
17083,35,"M",756
17097,31,"M",276
17128,47,"M",203
17134,35,"M",276
17171,28,"F",40
17181,28,"M",250
17190,18,"M",250
17216,22,"F",643
17221,26,"M",276
17246,23,"M",724
17252,30,"M",638
17316,18,"M",616
17321,21,"M",250
17328,29,"M",276
17343,56,"M",276
17344,30,"M",276
17346,25,"M",826
17350,18,"M",442
17352,32,"M",276
17361,31,"F",276
17371,29,"M",56
17372,32,"M",276
17389,22,"M",250
17390,46,"M",276
17399,40,"M",724
17421,28,"M",56
17426,28,"M",826
17436,24,"M",56
17447,36,"M",56
17456,24,"M",826
17491,21,"M",56
17494,29,"F",56
17499,29,"M",276
17507,34,"M",826
17537,27,"F",276
17560,19,"M",276
17562,44,"M",40
17603,26,"M",203
17606,52,"M",250
17607,19,"M",250
17612,23,"M",250
17618,26,"M",250
17623,41,"M",250
17655,23,"M",724
17679,35,"M",250
17696,19,"M",724
17712,25,"M",56
17744,19,"M",276
17745,19,"M",276
17746,30,"M",250
17753,31,"M",250
17777,32,"M",250
17794,40,"M",276
17808,37,"M",276
17814,21,"M",40
17818,39,"M",250
17861,22,"M",250
17865,41,"M",756
17888,25,"M",276
17894,41,"M",250
17904,32,"M",250
17908,25,"M",250
17930,18,"F",250
17945,38,"M",724
17968,28,"M",826
17970,31,"M",276
17977,22,"M",616
17978,38,"F",276
18022,31,"M",788
18023,21,"M",276
18065,27,"F",724
18085,18,"M",250
18089,31,"M",40
18093,26,"F",276
18097,22,"M",348
18124,33,"M",250
18127,20,"M",756
18129,24,"M",250
18146,22,"M",348
18152,22,"M",250
18199,51,"F",203
18201,35,"M",616
18226,39,"M",756
18232,31,"M",703
18233,36,"M",276
18244,25,"M",528
18259,48,"M",276
18279,19,"M",250
18286,28,"M",203
18301,23,"M",250
18314,28,"M",724
18325,26,"M",276
18338,36,"M",250
18340,19,"M",250
18363,41,"F",56
18380,29,"M",724
18393,22,"M",40
18402,49,"M",276
18410,28,"M",756
18425,25,"M",56
18449,32,"F",724
18455,49,"M",348
18473,21,"M",40
18479,20,"M",752
18495,25,"M",250
18503,25,"M",56
18508,52,"F",250
18509,25,"M",276
18517,29,"M",250
18519,26,"M",250
18531,35,"M",348
18535,30,"M",203
18538,35,"M",56
18553,29,"M",724
18556,23,"M",250
18571,45,"M",276
18584,20,"F",276
18594,18,"F",276
18606,18,"M",276
18618,26,"M",703
18629,21,"M",56
18634,62,"M",826
18653,43,"M",616
18662,26,"M",203
18680,45,"M",276
18694,24,"M",56
18714,25,"F",826
18717,36,"F",124
18772,31,"M",250
18804,25,"M",250
18819,22,"M",788
18833,40,"M",250
18838,30,"M",40
18842,20,"M",250
18862,24,"M",276
18877,24,"M",276
18890,28,"M",724
18891,30,"M",250
18923,22,"M",756
18934,26,"M",250
18957,30,"M",250
18977,21,"M",348
18993,19,"M",250
19008,22,"M",276
19011,32,"M",250
19017,24,"M",826
19022,19,"M",756
19052,30,"M",250
19060,22,"M",250
19075,30,"M",250
19078,25,"M",250
19082,21,"M",203
19097,44,"M",250
19098,33,"M",250
19106,34,"M",756
19114,32,"M",756
19128,36,"M",250
19146,40,"M",276
19161,30,"M",724
19163,29,"M",724
19172,30,"F",250
19186,31,"M",250
19202,21,"M",276
19219,30,"M",826
19221,21,"M",250
19228,28,"F",250
19234,24,"M",276
19236,27,"M",203
19256,43,"M",250
19271,41,"F",250
19305,28,"M",250
19327,28,"F",250
19339,20,"M",276
19352,36,"F",484
19355,19,"M",203
19366,31,"M",250
19388,38,"M",250
19410,29,"M",56
19417,26,"M",250
19424,25,"M",276
19435,20,"M",250
19450,44,"F",56
19464,37,"M",276
19487,29,"M",276
19502,25,"M",826
19504,40,"M",276
19509,31,"M",276
19513,39,"M",250
19538,19,"F",250
19557,49,"F",724
19599,28,"M",276
19628,56,"M",643
19649,26,"M",56
19659,44,"F",56
19674,59,"M",826
19679,35,"F",250
19680,26,"M",250
19688,25,"F",203
19691,28,"M",276
19702,24,"M",276
19714,27,"M",203
19718,35,"M",276
19743,30,"M",276
19749,35,"M",250
19772,29,"M",250
19779,33,"M",788
19785,23,"F",276
19789,31,"M",788
19803,32,"M",372
19810,31,"M",643
19821,31,"M",474
19823,21,"M",250
19827,55,"M",250
19841,24,"M",724
19842,22,"M",40
19864,18,"M",276
19867,27,"M",250
19880,31,"M",250
19894,28,"M",788
19912,22,"M",250
19950,32,"M",752
19962,31,"M",250
19989,32,"F",826
19990,24,"M",348
19993,20,"M",788
19996,28,"M",724
20000,34,"M",756
20024,38,"M",250
20046,29,"M",276
20083,34,"M",724
20120,46,"M",203
20121,23,"M",250
20129,61,"M",56
20142,20,"M",756
20161,36,"M",578
20166,22,"M",276
20179,31,"M",348
20181,23,"M",528
20187,28,"M",756
20191,24,"M",348
20217,24,"M",250
20222,28,"M",250
20224,18,"M",250
20227,35,"M",250
20228,20,"M",250
20230,19,"M",250
20234,47,"M",250
20261,24,"M",276
20272,21,"M",276
20280,39,"M",250
20282,33,"M",250
20290,28,"M",250
20307,18,"M",250
20324,27,"M",788
20325,28,"M",40
20332,56,"M",826
20334,25,"M",276
20344,24,"M",276
20351,31,"F",724
20373,22,"M",788
20390,64,"F",276
20397,30,"M",724
20430,36,"M",250
20443,23,"M",40
20453,19,"M",276
20468,25,"M",203
20470,45,"F",348
20473,31,"F",250
20474,20,"M",276
20485,36,"M",724
20500,34,"M",250
20515,24,"M",752
20521,23,"M",56
20529,25,"M",276
20538,29,"F",250
20542,20,"M",788
20552,19,"M",703
20559,30,"F",276
20571,25,"M",276
20590,35,"M",276
20591,25,"M",276
20601,31,"M",250
20609,30,"F",724
20617,34,"M",276
20629,24,"M",276
20632,20,"M",756
20638,24,"M",643
20660,24,"M",56
20677,29,"M",276
20684,31,"M",643
20694,19,"M",276
20712,26,"F",56
20720,48,"F",528
20731,53,"M",40
20747,40,"F",250
20755,59,"M",250
20771,23,"F",250
20775,19,"M",276
20783,19,"M",276
20827,38,"M",250
20829,24,"M",250
20832,18,"M",724
20866,24,"M",40
20869,29,"M",788
20874,22,"F",250
20876,50,"M",250
20888,39,"M",250
20892,30,"M",40
20930,24,"M",250
20957,27,"F",276
20975,28,"M",276
20980,31,"M",56
20999,20,"M",56
21006,39,"M",250
21011,34,"M",250
21022,21,"M",250
21024,30,"M",250
21035,26,"M",31
21053,21,"M",276
21058,47,"M",250
21067,20,"M",276
21078,21,"M",40
21091,23,"M",250
21158,26,"M",250
21160,25,"M",250
21166,28,"M",276
21172,26,"M",250
21179,27,"M",250
21180,24,"M",276
21209,59,"M",276
21223,24,"F",203
21225,26,"M",276
21234,26,"F",616
21256,22,"M",56
21269,52,"M",56
21277,59,"M",276
21278,27,"M",528
21280,23,"M",250
21284,25,"F",276
21286,25,"M",250
21294,43,"M",40
21302,23,"M",752
21303,39,"M",724
21311,29,"M",250
21321,48,"M",826
21340,46,"M",276
21353,39,"M",703
21358,25,"M",643
21365,47,"F",528
21370,29,"M",250
21394,34,"M",40
21401,27,"F",756
21404,37,"M",250
21410,27,"M",826
21422,30,"M",643
21425,21,"M",276
21450,42,"M",276
21488,24,"M",276
21501,22,"M",528
21503,34,"M",250
21504,33,"M",276
21520,39,"M",276
21523,34,"M",724
21524,18,"M",40
21529,37,"M",528
21538,19,"M",250
21595,29,"M",40
21610,23,"M",348
21620,26,"F",724
21625,24,"M",703
21628,41,"M",826
21635,38,"M",56
21643,48,"M",528
21651,19,"M",528
21667,24,"M",203
21670,26,"M",826
21675,22,"M",250
21681,18,"M",528
21683,18,"M",276
21685,25,"M",703
21697,30,"M",276
21701,18,"M",56
21712,44,"M",250
21716,26,"M",250
21721,32,"M",276
21723,25,"M",724
21734,27,"M",31
21736,32,"M",276
21738,36,"M",56
21765,18,"M",250
21774,26,"M",724
21783,22,"M",826
21784,27,"F",756
21787,22,"F",616
21788,18,"M",276
21794,42,"M",250
21806,35,"M",56
21816,23,"M",724
21831,35,"M",276
21833,44,"M",276
21835,31,"M",276
21843,25,"M",724
21849,23,"M",756
21892,19,"M",276
21900,36,"M",203
21912,26,"M",528
21948,25,"M",826
21964,44,"M",250
21983,25,"M",724
21995,23,"M",724
22003,21,"M",724
22005,31,"M",724
22009,40,"M",724
22014,46,"M",276
22087,30,"M",788
22092,20,"M",616
22095,35,"F",276
22118,20,"M",40
22122,23,"M",250
22123,21,"M",250
22127,21,"F",250
22144,22,"M",703
22167,22,"M",56
22172,26,"M",348
22198,25,"M",616
22205,40,"M",826
22210,28,"M",276
22215,28,"M",528
22233,29,"M",616
22238,21,"M",56
22244,31,"M",70
22245,18,"M",724
22248,25,"M",276
22252,20,"M",250
22255,21,"M",40
22258,37,"M",250
22263,34,"M",250
22276,25,"M",724
22279,29,"M",643
22282,29,"M",826
22285,30,"M",250
22298,29,"M",250
22329,28,"M",276
22349,19,"M",250
22376,29,"M",276
22385,48,"M",276
22426,24,"M",250
22430,40,"F",250
22435,26,"M",348
22460,27,"M",250
22487,23,"M",643
22492,68,"M",276
22510,18,"M",250
22519,49,"M",826
22528,23,"M",250
22534,18,"M",250
22547,20,"M",250
22553,18,"M",348
22560,32,"M",724
22586,36,"M",276
22587,28,"F",40
22595,24,"M",250
22616,44,"F",250
22624,29,"M",250
22632,21,"M",756
22634,25,"M",276
22649,45,"M",250
22657,26,"M",250
22659,38,"M",56
22665,26,"F",348
22699,32,"M",348
22725,39,"M",203
22736,19,"M",250
22746,31,"M",250
22784,31,"M",703
22789,18,"M",250
22813,25,"F",643
22828,27,"M",56
22848,24,"M",250
22851,24,"M",40
22861,21,"M",643
22866,25,"M",250
22869,26,"M",250
22876,19,"M",250
22887,34,"M",203
22899,18,"M",56
22927,18,"M",826
22936,31,"M",56
22978,21,"M",250
22991,27,"M",276
22995,29,"F",250
23003,36,"M",250
23007,31,"M",56
23016,33,"M",788
23034,35,"M",276
23039,35,"M",276
23047,25,"M",276
23065,25,"F",826
23075,29,"M",250
23093,27,"M",276
23099,32,"M",276
23101,24,"M",250
23114,22,"M",643
23116,18,"M",276
23119,19,"M",442
23158,29,"F",250
23160,27,"M",756
23162,21,"M",276
23172,32,"M",862
23173,20,"M",528
23177,27,"M",276
23186,26,"M",724
23192,20,"M",616
23194,18,"M",276
23204,46,"M",756
23207,18,"M",276
23224,18,"M",276
23225,24,"M",788
23243,24,"M",528
23258,34,"F",250
23259,32,"M",276
23379,21,"M",203
23398,22,"M",756
23402,25,"M",276
23412,30,"M",276
23413,28,"M",250
23425,51,"M",250
23427,27,"M",826
23428,21,"M",40
23431,34,"M",348
23465,37,"F",40
23474,39,"M",756
23476,23,"M",276
23485,20,"M",203
23488,31,"M",250
23531,25,"M",348
23548,37,"M",276
23551,42,"M",276
23563,29,"M",504
23597,57,"M",56
23616,26,"F",348
23645,21,"M",724
23665,30,"M",826
23671,21,"M",56
23680,30,"F",250
23706,25,"F",250
23707,28,"F",276
23716,34,"M",250
23718,31,"M",203
23721,28,"M",56
23740,23,"M",56
23749,31,"M",818
23753,22,"M",752
23810,23,"M",276
23822,21,"M",276
23833,23,"M",203
23843,24,"M",250
23852,24,"M",254
23854,27,"M",250
23855,21,"M",250
23860,23,"M",250
23862,31,"M",250
23878,20,"M",724
23880,36,"M",724
23894,20,"M",348
23962,24,"M",250
23965,25,"M",276
23972,21,"M",250
24013,30,"M",250
24035,20,"M",40
24070,24,"M",348
24073,25,"M",826
24083,39,"M",276
24084,57,"M",276
24098,47,"M",40
24110,53,"M",276
24113,29,"M",276
24122,51,"M",604
24142,34,"F",276
24146,30,"M",348
24177,19,"M",826
24186,23,"M",756
24198,29,"M",250
24235,38,"M",276
24259,33,"M",70
24276,19,"M",826
24328,42,"M",276
24329,25,"M",276
24333,32,"M",348
24347,43,"M",40
24391,25,"M",826
24403,47,"M",250
24416,32,"M",756
24439,18,"M",616
24442,23,"M",724
24479,32,"M",56
24568,26,"M",56
24593,22,"M",276
24601,19,"M",528
24613,25,"M",724
24616,34,"M",826
24621,26,"M",250
24624,38,"M",56
24642,19,"M",56
24649,19,"M",724
24679,24,"M",348
24723,20,"M",276
24738,34,"M",250
24742,44,"M",250
24772,23,"M",250
24789,35,"M",724
24804,19,"M",276
24822,44,"M",276
24856,23,"M",643
24859,25,"M",276
24870,20,"M",203
24882,19,"M",276
24923,25,"M",250
24965,25,"F",250
24971,30,"M",56
24973,19,"M",276
24980,25,"M",348
24988,36,"M",276
24995,23,"M",348
25003,22,"M",250
25017,22,"F",203
25029,30,"M",826
25040,20,"F",276
25068,36,"M",348
25115,30,"M",360
25119,24,"M",250
25126,27,"F",643
25129,34,"M",276
25130,24,"M",203
25149,18,"M",703
25179,63,"F",826
25209,24,"M",348
25264,25,"M",276
25283,34,"M",56
25285,22,"M",40
25324,27,"M",250
25331,30,"M",788
25342,32,"M",826
25349,30,"M",203
25367,24,"M",250
25432,19,"M",826
25438,34,"M",40
25443,34,"M",276
25450,43,"M",276
25468,20,"M",826
25475,30,"F",40
25507,23,"M",203
25517,22,"M",203
25530,27,"M",442
25539,35,"M",724
25547,29,"M",756
25558,34,"M",250
25560,27,"F",826
25575,45,"M",276
25576,23,"M",826
25593,53,"M",56
25613,21,"M",250
25639,33,"M",788
25641,37,"M",250
25677,36,"M",724
25754,28,"M",528
25758,37,"M",724
25772,27,"M",756
25790,54,"M",826
25831,19,"M",643
25847,26,"F",250
25858,20,"M",348
25890,33,"M",250
25942,35,"M",203
26031,23,"M",250
26054,26,"M",124
26101,29,"M",250
26103,27,"M",528
26194,21,"M",703
26195,20,"F",203
26206,37,"M",276
26237,18,"M",348
26246,35,"M",756
26249,25,"M",348
26251,24,"M",276
26330,26,"M",703
26344,24,"M",756
26378,24,"M",724
26393,32,"M",348
26409,24,"M",724
26424,25,"M",250
26452,35,"M",276
26522,25,"F",250
26542,29,"F",203
26548,29,"F",203
26599,30,"M",348
26600,36,"M",56
26694,23,"F",276
26713,22,"F",56
26720,45,"M",826
26748,25,"M",528
26761,23,"F",826
26777,40,"M",826
26778,29,"M",56
26791,36,"M",250
26812,25,"M",276
26857,21,"M",56
26859,28,"M",56
26870,53,"M",276
26885,21,"M",203
26902,22,"M",756
26904,22,"M",703
26910,42,"M",203
26913,29,"M",484
26914,22,"M",276
26927,19,"M",703
26933,19,"M",276
26935,22,"M",203
26941,25,"M",203
26970,19,"M",250
27009,29,"M",56
27028,22,"M",203
27031,29,"M",203
27035,23,"M",616
27040,21,"M",826
27052,22,"M",276
27055,29,"M",40
27056,27,"M",752
27075,30,"M",276
27079,28,"M",348
27101,28,"M",276
27138,35,"F",56
27142,20,"M",250
27177,26,"M",616
27187,18,"M",616
27214,34,"F",203
27216,30,"M",528
27242,21,"M",276
27274,27,"M",276
27306,28,"F",752
27311,27,"M",203
27336,18,"M",203
27344,18,"M",203
27345,28,"M",250
27353,19,"M",40
27367,19,"M",616
27373,30,"M",756
27388,26,"M",348
27392,33,"M",250
27399,20,"M",276
27400,33,"M",250
27412,33,"M",756
27417,34,"M",250
27419,24,"M",56
27439,30,"M",703
27442,22,"M",348
27452,36,"M",826
27453,46,"M",250
27472,39,"F",276
27474,22,"M",250
27513,18,"M",276
27516,26,"M",616
27523,26,"M",643
27528,22,"M",250
27529,27,"M",724
27548,26,"F",124
27578,44,"M",724
27580,19,"M",826
27581,18,"M",643
27592,23,"M",470
27611,26,"M",826
27620,28,"M",56
27632,26,"M",40
27633,37,"M",40
27634,27,"M",703
27644,20,"M",40
27650,36,"M",276
27665,39,"M",276
27669,53,"M",348
27679,27,"M",250
27691,21,"M",348
27714,27,"M",124
27721,23,"M",724
27801,40,"M",616
27815,18,"F",250
27820,28,"M",703
27853,27,"M",276
27854,22,"M",348
27872,18,"M",250
27885,28,"M",528
27888,20,"M",40
27898,28,"M",250
27907,25,"M",250
27914,26,"M",250
27915,23,"M",250
27917,27,"M",250
27922,26,"M",250
27934,23,"M",788
27935,63,"M",250
27936,25,"M",250
27971,24,"M",826
27975,27,"F",276
28008,50,"M",276
28010,21,"M",276
28014,34,"M",250
28022,21,"M",276
28025,23,"M",56
28029,18,"M",250
28034,19,"M",616
28042,18,"M",703
28046,28,"F",250
28065,27,"M",250
28079,39,"M",276
28102,30,"M",276
28112,36,"M",250
28126,25,"M",276
28163,27,"M",348
28174,37,"M",56
28191,29,"F",250
28208,38,"F",250
28220,20,"M",250
28221,26,"M",276
28229,19,"M",70
28230,38,"M",724
28278,24,"M",826
28282,25,"M",528
28284,28,"M",724
28301,19,"M",724
28306,20,"M",250
28308,51,"F",250
28313,22,"M",56
28332,35,"M",703
28349,25,"M",752
28356,52,"F",276
28365,37,"M",40
28373,19,"M",724
28377,30,"M",276
28378,41,"M",276
28388,24,"M",276
28395,19,"M",528
28398,23,"M",756
28400,25,"M",250
28404,25,"M",752
28420,31,"M",250
28434,24,"M",40
28464,34,"M",250
28474,40,"M",788
28476,19,"M",70
28486,31,"M",643
28495,26,"M",250
28496,32,"M",352
28516,32,"M",56
28521,21,"M",31
28552,31,"M",826
28570,34,"F",40
28589,28,"M",826
28607,26,"M",276
28642,26,"M",348
28670,30,"M",788
28674,30,"M",250
28677,20,"M",250
28685,22,"M",250
28690,44,"M",250
28692,21,"M",250
28708,29,"M",724
28722,35,"M",250
28723,30,"M",788
28725,19,"M",250
28729,24,"M",250
28732,27,"M",826
28736,28,"M",276
28738,37,"M",578
28756,21,"M",616
28758,26,"M",643
28767,22,"F",276
28770,36,"M",250
28776,21,"M",826
28804,28,"M",276
28812,25,"M",276
28834,44,"M",276
28837,25,"M",276
28849,24,"M",616
28863,62,"M",276
28874,25,"M",826
28908,34,"M",276
28918,23,"M",276
28939,22,"M",634
28949,38,"M",276
28964,22,"M",250
28981,26,"M",250
28985,36,"M",NA
28986,25,"M",826
29006,28,"M",250
29022,40,"F",724
29028,39,"M",724
29075,28,"M",276
29091,29,"M",250
29092,35,"M",276
29121,25,"M",826
29130,18,"M",250
29131,38,"F",756
29141,25,"M",276
29172,23,"M",276
29180,30,"M",756
29193,22,"M",348
29216,30,"M",250
29260,39,"M",276
29293,22,"M",56
29294,24,"F",276
29303,22,"F",348
29313,20,"M",528
29314,32,"M",276
29367,24,"F",40
29382,24,"M",276
29388,26,"M",250
29392,28,"M",250
29397,22,"M",756
29409,22,"M",398
29416,22,"M",276
29429,28,"M",203
29454,32,"M",276
29477,25,"M",616
29479,29,"M",616
29481,29,"M",56
29520,41,"M",756
29548,35,"M",276
29559,23,"M",250
29575,22,"M",56
29582,36,"F",276
29609,32,"M",788
29623,22,"M",56
29658,28,"F",250
29686,21,"M",276
29705,35,"F",276
29719,31,"M",756
29737,21,"M",348
29768,23,"M",276
29821,28,"M",276
29835,19,"M",348
29840,49,"M",276
29850,34,"M",40
29860,27,"M",276
29875,41,"F",616
29876,29,"F",56
29899,32,"M",250
29911,23,"M",724
29916,44,"M",250
29919,21,"M",250
29924,19,"M",203
29932,28,"M",250
29938,33,"M",756
29942,41,"M",276
29991,19,"M",348
30007,50,"M",250
30017,31,"M",250
30029,18,"M",276
30055,26,"F",203
30072,26,"M",203
30078,61,"M",276
30080,30,"M",638
30086,40,"M",703
30104,53,"F",276
30140,23,"M",348
30144,52,"M",276
30147,30,"M",40
30148,32,"M",756
30173,25,"M",276
30208,20,"M",788
30212,32,"M",40
30219,24,"M",756
30273,33,"M",276
30294,47,"M",276
30295,22,"F",203
30297,34,"M",250
30335,25,"M",788
30340,33,"F",276
30348,26,"M",348
30372,31,"M",788
30376,20,"M",276
30378,45,"M",276
30391,18,"M",250
30399,31,"M",250
30407,22,"M",250
30445,27,"M",276
30446,49,"M",276
30469,19,"M",276
30473,22,"M",276
30478,38,"M",276
30507,32,"M",276
30514,23,"M",56
30542,29,"M",250
30558,42,"M",276
30566,19,"M",348
30578,23,"M",276
30586,25,"M",8
30610,24,"M",643
30621,23,"M",203
30624,18,"M",276
30648,27,"M",40
30690,34,"M",724
30711,25,"M",276
30730,25,"M",276
30742,30,"M",826
30772,35,"M",203
30791,36,"M",348
30808,34,"F",703
30811,27,"M",56
30870,27,"M",250
30903,20,"M",31
30914,33,"M",276
30917,21,"M",250
30922,28,"M",276
30942,31,"M",826
30948,31,"M",276
30953,57,"M",250
30962,31,"M",724
30966,38,"M",56
30987,23,"M",276
31008,23,"M",703
31029,25,"M",124
31049,28,"F",276
31051,23,"M",124
31057,19,"M",276
31073,35,"M",276
31077,25,"M",276
31078,25,"M",276
31107,23,"M",203
31118,31,"M",276
31126,22,"M",203
31134,22,"M",250
31136,26,"M",250
31150,20,"M",250
31163,29,"M",250
31189,24,"M",724
31205,26,"M",276
31241,22,"M",348
31249,25,"M",70
31251,37,"M",724
31261,20,"M",276
31262,24,"M",250
31313,25,"M",276
31351,21,"M",442
31391,36,"M",724
31396,30,"M",56
31403,43,"M",250
31406,21,"M",724
31419,30,"F",276
31433,22,"M",250
31435,21,"M",276
31448,28,"F",276
31450,31,"M",276
31496,29,"M",250
31521,25,"M",250
31532,21,"M",276
31570,19,"M",250
31587,25,"M",276
31602,53,"M",276
31618,30,"M",276
31634,26,"M",276
31654,28,"M",250
31670,19,"M",276
31676,78,"M",643
31716,63,"M",276
31734,40,"M",276
31743,21,"M",276
31766,22,"M",203
31801,35,"M",250
31831,23,"F",250
31848,29,"M",250
31856,37,"M",276
31923,26,"M",124
31949,24,"F",250
31967,28,"M",724
31986,24,"M",250
31990,26,"M",250
32013,43,"M",250
32024,38,"M",250
32026,30,"F",250
32037,35,"M",276
32056,29,"M",826
32082,22,"M",40
32084,29,"M",250
32085,19,"M",276
32124,29,"M",276
32151,31,"F",276
32175,25,"M",826
32207,29,"M",250
32209,22,"M",276
32231,24,"M",276
32242,31,"M",40
32254,28,"M",276
32260,55,"M",276
32271,45,"M",250
32278,39,"M",40
32280,32,"M",634
32301,21,"M",348
32327,24,"M",276
32329,25,"M",276
32332,26,"M",250
32343,34,"M",724
32352,19,"M",756
32354,25,"M",276
32355,35,"M",203
32356,31,"M",616
32382,40,"M",348
32411,41,"M",826
32422,25,"M",203
32432,28,"M",703
32443,46,"M",724
32456,21,"M",528
32458,25,"M",276
32463,46,"M",56
32479,32,"M",276
32541,19,"M",250
32552,27,"M",276
32554,33,"M",250
32555,19,"M",276
32567,32,"M",40
32576,30,"M",276
32610,22,"M",724
32612,22,"F",756
32624,23,"M",250
32629,22,"M",528
32649,45,"M",276
32651,31,"M",276
32657,21,"M",826
32676,19,"M",276
32686,41,"M",724
32705,27,"F",276
32745,31,"M",250
32750,47,"M",250
32799,35,"M",276
32832,19,"M",250
32840,17,"M",348
32858,29,"F",250
32875,22,"M",276
32882,29,"F",276
32887,29,"M",756
32912,38,"M",276
32926,39,"M",276
32944,35,"M",56
32961,31,"M",56
32963,25,"M",276
32972,23,"M",276
32982,33,"M",40
32992,25,"M",442
33011,25,"M",56
33026,38,"M",250
33062,29,"M",250
33066,26,"M",348
33073,25,"M",276
33085,18,"M",250
33086,30,"M",752
33090,32,"M",276
33104,40,"M",250
33111,21,"M",788
33112,25,"M",276
33131,25,"M",40
33185,39,"M",616
33214,34,"M",276
33283,22,"M",528
33287,22,"M",616
33299,24,"M",250
33304,18,"M",528
33307,30,"M",40
33317,20,"M",250
33320,26,"M",442
33327,38,"M",276
33352,30,"M",276
33353,23,"M",250
33378,39,"M",276
33395,31,"M",276
33411,29,"M",276
33425,19,"M",826
33446,19,"M",276
33474,32,"M",276
33492,47,"M",276
33495,25,"M",276
33523,43,"M",276
33531,25,"M",724
33549,32,"M",203
33580,35,"M",56
33588,46,"M",56
33604,18,"M",276
33629,56,"F",56
33647,31,"M",40
33652,24,"M",348
33673,25,"M",348
33802,24,"M",250
33816,43,"M",276
33820,24,"M",276
33850,43,"M",276
33864,39,"F",276
33886,30,"M",250
33914,26,"M",276
33919,20,"M",616
33943,26,"M",788
33951,25,"M",56
33963,27,"M",250
34009,29,"M",724
34070,51,"M",56
34120,37,"M",56
34125,26,"M",528
34126,21,"M",276
34139,33,"M",276
34155,40,"M",348
34162,31,"M",528
34170,30,"F",276
34204,29,"M",276
34225,31,"M",276
34231,22,"M",56
34266,40,"M",348
34298,29,"F",276
34301,28,"M",250
34304,30,"M",276
34336,44,"M",276
34385,65,"M",276
34453,24,"F",250
34454,36,"F",276
34457,26,"M",862
34463,26,"M",528
34479,25,"F",276
34492,25,"M",276
34535,31,"M",276
34537,25,"M",56
34552,28,"M",528
34554,32,"M",276
34600,28,"M",276
34651,36,"M",124
34654,35,"F",826
34660,26,"M",752
34663,27,"M",250
34675,27,"M",40
34719,20,"F",703
34733,28,"M",724
34768,26,"M",788
34771,25,"M",250
34772,25,"M",276
34775,21,"F",276
34777,28,"M",276
34778,24,"F",250
34794,31,"M",826
34795,43,"M",528
34813,26,"M",276
34867,25,"M",724
34873,21,"M",250
34894,23,"M",250
34901,40,"M",250
34912,32,"M",250
34974,26,"M",276
34977,37,"M",276
34989,22,"M",250
35125,29,"M",250
35128,18,"M",276
35136,27,"F",276
35151,49,"M",276
35155,24,"M",203
35159,43,"M",250
35208,18,"M",250
35234,40,"M",442
35236,35,"M",276
35239,29,"M",372
35262,18,"M",756
35311,53,"M",276
35327,27,"F",724
35329,39,"M",826
35335,34,"F",724
35336,22,"M",826
35345,36,"M",276
35354,36,"M",643
35356,19,"M",724
35365,30,"M",276
35368,23,"M",756
35418,46,"M",826
35485,36,"M",276
35488,18,"M",40
35491,22,"M",276
35511,21,"M",276
35513,50,"M",250
35543,21,"M",756
35550,24,"M",826
35551,25,"F",250
35557,39,"M",250
35576,43,"M",756
35577,28,"M",643
35598,30,"F",276
35621,19,"M",250
35660,27,"M",276
35690,33,"M",250
35721,25,"M",250
35742,34,"M",250
35745,29,"M",703
35752,26,"M",348
35762,35,"M",276
35786,18,"M",528
35813,22,"M",250
35823,29,"M",250
35825,22,"M",276
35834,58,"M",724
35852,32,"M",250
35888,20,"M",826
35900,22,"M",276
35902,18,"F",250
35925,35,"M",276
35954,47,"M",56
35960,25,"M",756
35986,32,"M",826
35996,25,"M",56
36010,23,"M",250
36068,37,"M",724
36073,30,"M",276
36074,22,"F",276
36091,22,"M",250
36101,28,"M",250
36117,44,"M",70
36124,30,"M",250
36136,23,"M",826
36138,31,"M",724
36144,40,"M",276
36158,24,"M",372
36160,29,"M",276
36268,21,"M",250
36270,25,"M",40
36282,45,"M",56
36289,24,"F",203
36305,44,"M",276
36306,34,"M",250
36320,31,"M",40
36432,22,"M",250
36446,35,"M",250
36478,20,"M",276
36487,28,"M",250
36490,39,"M",756
36537,27,"M",724
36547,24,"M",203
36576,24,"M",756
36578,22,"M",724
36599,24,"M",276
36610,34,"M",250
36630,36,"M",276
36647,23,"M",276
36661,32,"M",250
36676,63,"M",276
36687,58,"M",276
36692,22,"M",724
36697,31,"M",276
36716,32,"M",40
36718,27,"M",276
36723,23,"M",276
36733,28,"M",250
36781,33,"M",276
36820,30,"M",276
36827,21,"M",250
36835,30,"M",756
36839,27,"M",276
36849,25,"M",276
36858,28,"M",276
36873,36,"M",442
36878,25,"M",250
36885,30,"M",250
36892,18,"M",250
36901,25,"M",276
36904,33,"M",276
36919,30,"M",250
36929,18,"M",250
36933,44,"M",276
36941,43,"M",250
36944,41,"M",276
36948,21,"M",203
36958,30,"M",276
36978,21,"M",56
36985,21,"M",276
36986,27,"F",724
36992,25,"F",250
36996,53,"M",348
37000,24,"M",724
37018,20,"M",826
37063,22,"M",250
37108,28,"F",250
37121,25,"M",56
37129,36,"M",756
37142,34,"F",276
37143,55,"M",756
37162,19,"M",276
37175,23,"M",276
37193,44,"M",276
37197,20,"M",276
37207,24,"M",276
37217,21,"M",276
37220,28,"M",756
37238,27,"M",250
37262,33,"M",724
37276,41,"M",276
37302,32,"M",276
37324,49,"M",56
37326,24,"M",56
37340,24,"M",250
37347,26,"M",276
37386,33,"M",348
37415,43,"M",643
37437,22,"M",250
37447,41,"M",40
37464,27,"M",788
37496,40,"M",250
37531,19,"M",203
37535,24,"M",703
37540,43,"M",348
37546,45,"M",NA
37549,43,"M",752
37559,18,"M",250
37561,38,"M",276
37580,29,"M",250
37605,47,"M",826
37609,22,"M",203
37617,24,"M",276
37632,40,"M",724
37645,68,"M",276
37653,27,"M",276
37670,28,"M",250
37675,39,"M",250
37705,30,"M",203
37728,18,"M",276
37747,31,"M",756
37760,30,"M",276
37770,32,"M",638
37776,27,"F",496
37785,21,"M",348
37791,31,"M",56
37799,26,"M",756
37802,31,"M",250
37805,40,"M",752
37813,35,"M",8
37815,24,"M",56
37842,24,"F",250
37847,22,"M",250
37859,27,"M",703
37860,25,"M",203
37861,23,"M",348
37867,22,"M",276
37876,50,"M",276
37883,29,"M",788
37886,24,"M",203
37938,23,"M",276
37962,24,"M",250
37973,20,"M",250
37989,27,"M",40
37992,32,"M",528
37993,42,"M",250
37999,20,"F",724
38007,43,"M",752
38009,22,"M",826
38010,23,"M",703
38014,26,"M",250
38028,21,"F",250
38076,28,"M",250
38102,23,"M",643
38114,22,"M",276
38116,29,"M",826
38120,40,"M",250
38134,21,"M",250
38149,34,"M",528
38158,18,"M",276
38173,25,"M",276
38175,38,"M",276
38186,21,"M",250
38225,56,"M",276
38233,27,"M",276
38264,30,"M",250
38267,27,"M",203
38297,24,"M",788
38308,27,"M",276
38311,34,"M",276
38315,43,"M",250
38323,22,"M",616
38337,23,"M",250
38338,26,"F",250
38351,50,"M",250
38353,22,"M",276
38364,18,"M",724
38368,24,"M",250
38380,32,"M",826
38394,23,"M",250
38422,32,"M",250
38445,20,"M",276
38449,21,"M",40
38462,20,"M",40
38472,68,"M",203
38473,25,"M",788
38513,35,"M",784
38531,20,"M",31
38552,22,"M",56
38562,32,"M",250
38567,27,"M",56
38572,21,"M",250
38583,18,"M",348
38584,25,"M",250
38591,51,"M",40
38616,53,"M",276
38618,21,"M",276
38622,36,"M",276
38628,21,"M",203
38631,22,"M",276
38636,33,"M",756
38637,28,"M",703
38638,67,"M",826
38639,21,"M",724
38647,32,"F",250
38688,32,"M",40
38693,24,"M",724
38711,28,"M",348
38758,21,"M",724
38759,27,"M",528
38762,20,"M",203
38768,49,"M",826
38804,18,"M",250
38816,26,"M",756
38844,37,"M",56
38848,37,"M",203
38859,40,"M",250
38868,26,"M",276
38869,38,"M",276
38888,42,"M",56
38906,25,"M",826
38924,19,"M",203
38925,34,"M",276
38930,42,"F",756
38932,27,"M",276
38956,19,"M",826
38964,29,"M",788
38979,25,"M",276
38993,44,"F",250
39000,19,"M",250
39046,26,"M",276
39069,45,"M",528
39075,33,"M",276
39091,30,"M",276
39100,26,"M",250
39102,33,"M",616
39103,27,"M",616
39134,18,"M",40
39139,18,"M",276
39141,28,"M",250
39149,20,"M",724
39164,25,"M",826
39167,53,"M",250
39170,19,"M",250
39193,19,"M",276
39203,37,"F",276
39214,47,"M",276
39223,18,"M",56
39233,24,"M",250
39246,28,"M",250
39253,18,"M",276
39314,29,"M",250
39326,24,"M",276
39342,55,"M",788
39346,22,"M",348
39352,22,"M",276
39379,25,"F",203
39389,22,"M",56
39410,31,"M",826
39420,24,"M",276
39422,18,"M",276
39450,37,"M",250
39503,18,"M",616
39513,21,"M",724
39515,26,"M",724
39522,20,"M",250
39528,30,"M",276
39561,21,"M",276
39580,28,"M",56
39586,43,"M",250
39608,26,"M",756
39614,21,"M",250
39619,27,"M",250
39620,24,"M",276
39634,45,"M",276
39651,34,"M",250
39678,31,"M",276
39720,28,"M",250
39723,28,"M",250
39725,31,"M",276
39739,27,"M",40
39749,23,"M",203
39752,19,"M",276
39759,39,"M",724
39768,27,"M",250
39781,30,"M",56
39795,42,"M",276
39799,35,"M",276
39823,31,"M",250
39825,35,"M",826
39828,41,"M",250
39829,26,"M",276
39851,26,"M",643
39881,47,"M",276
39892,38,"M",40
39907,27,"M",250
39917,21,"F",56
39919,22,"M",250
39936,19,"M",203
39954,21,"M",756
39955,24,"M",276
39986,44,"M",250
39999,23,"M",276
40018,25,"M",826
40020,29,"M",276
40023,48,"M",826
40039,28,"M",250
40053,26,"M",643
40054,31,"M",643
40056,34,"M",276
40076,28,"F",56
40089,25,"M",276
40115,39,"M",250
40123,54,"M",56
40165,27,"F",348
40178,32,"M",724
40188,27,"M",276
40192,21,"M",276
40210,24,"M",250
40218,19,"F",756
40244,61,"F",250
40258,18,"M",528
40282,23,"M",756
40297,35,"M",826
40300,19,"M",56
40304,30,"M",250
40311,23,"M",276
40326,33,"F",276
40353,26,"M",250
40382,32,"M",250
40400,25,"M",724
40410,19,"M",276
40413,27,"F",250
40418,18,"M",276
40435,24,"M",703
40437,36,"M",56
40486,51,"F",250
40490,24,"M",40
40491,22,"M",250
40504,53,"M",250
40513,31,"M",NA
40514,18,"M",276
40533,35,"M",250
40547,28,"M",250
40555,25,"M",276
40560,36,"M",250
40577,23,"M",276
40578,29,"M",250
40581,22,"M",276
40596,31,"M",56
40616,24,"M",276
40623,27,"M",276
40639,19,"M",250
40640,34,"M",276
40650,36,"M",818
40670,29,"M",276
40682,23,"M",250
40692,52,"M",250
40710,21,"M",203
40730,22,"M",56
40753,27,"M",250
40766,32,"M",250
40767,21,"M",250
40792,38,"M",724
40797,41,"M",250
40814,30,"M",276
40825,20,"M",250
40835,27,"M",NA
40848,26,"M",276
40849,24,"M",528
40854,27,"M",250
40899,25,"M",250
40900,37,"M",276
40930,19,"M",250
40938,21,"M",250
40941,19,"M",756
40951,35,"M",276
41014,31,"M",276
41023,22,"M",276
41038,24,"M",250
41050,50,"M",276
41077,28,"M",276
41093,37,"M",348
41102,22,"M",250
41112,34,"M",276
41117,23,"M",250
41128,32,"M",250
41129,56,"M",250
41134,23,"M",643
41146,21,"M",276
41151,28,"M",724
41160,27,"M",276
41169,42,"M",724
41179,23,"M",276
41180,34,"M",276
41191,25,"M",276
41235,27,"M",528
41248,27,"M",528
41250,32,"M",276
41266,40,"F",276
41271,46,"M",724
41274,22,"M",788
41283,30,"M",250
41314,21,"M",276
41331,24,"M",40
41339,22,"M",31
41355,24,"M",528
41356,21,"M",250
41379,21,"M",250
41404,30,"M",203
41415,24,"M",276
41433,23,"M",348
41453,29,"M",56
41466,24,"M",40
41494,30,"M",826
41533,19,"M",276
41535,31,"F",250
41545,18,"M",250
41547,26,"M",276
41570,31,"M",250
41577,23,"M",203
41588,25,"M",528
41611,18,"M",724
41613,23,"M",276
41624,20,"M",276
41630,20,"M",528
41661,22,"M",250
41663,23,"M",600
41664,24,"M",616
41675,42,"M",250
41684,37,"M",826
41741,29,"M",250
41790,24,"M",276
41793,38,"M",276
41794,22,"M",250
41808,30,"M",276
41834,27,"M",616
41840,20,"M",604
41844,24,"M",643
41878,26,"M",826
41892,28,"M",826
41911,34,"M",788
41920,34,"M",250
41928,28,"M",250
41932,23,"M",250
41942,22,"F",724
41947,18,"M",724
41962,21,"M",276
41975,32,"M",724
41984,47,"M",276
42001,26,"M",826
42008,22,"M",276
42019,22,"M",276
42026,26,"M",276
42042,20,"M",348
42073,29,"M",40
42109,23,"M",203
42122,38,"M",276
42144,23,"M",250
42148,29,"F",724
42185,31,"M",276
42187,20,"M",348
42191,24,"M",276
42192,25,"M",276
42196,29,"M",250
42206,21,"M",348
42226,22,"M",276
42266,49,"M",276
42310,48,"M",250
42318,28,"M",724
42323,41,"M",276
42340,20,"M",276
42363,43,"M",250
42380,23,"M",56
42389,20,"M",250
42419,33,"M",56
42421,18,"M",40
42428,45,"F",250
42436,28,"M",203
42440,26,"M",250
42452,18,"M",276
42482,25,"M",276
42487,34,"M",276
42493,24,"M",756
42540,28,"M",250
42562,26,"M",250
42569,19,"M",203
42572,23,"M",643
42575,20,"M",826
42576,18,"M",756
42591,37,"M",528
42617,22,"M",724
42643,30,"M",56
42651,22,"M",276
42656,29,"M",724
42657,21,"M",203
42683,18,"M",250
42684,33,"F",250
42710,24,"M",724
42770,25,"M",352
42776,21,"M",348
42816,22,"M",528
42828,18,"M",724
42845,34,"M",276
42940,21,"M",276
42950,28,"M",703
42981,28,"M",826
42990,18,"M",276
42995,45,"M",250
43007,24,"M",276
43017,40,"M",203
43021,27,"M",616
43048,22,"M",276
43078,43,"M",40
43093,33,"M",276
43139,42,"M",348
43157,20,"M",276
43158,28,"M",724
43167,20,"M",348
43172,25,"M",276
43177,48,"M",756
43184,36,"M",276
43205,24,"M",56
43210,19,"M",276
43238,26,"M",250
43239,23,"M",276
43248,18,"M",276
43253,23,"M",616
43260,35,"M",826
43269,28,"M",250
43283,20,"M",40
43288,20,"M",276
43290,33,"M",528
43319,40,"M",250
43409,23,"M",56
43435,29,"M",276
43442,40,"M",276
43448,18,"M",703
43565,32,"M",276
43566,37,"M",703
43585,31,"M",40
43590,22,"M",268
43592,46,"M",276
43598,40,"F",250
43612,30,"M",826
43622,22,"M",276
43627,22,"F",250
43637,44,"M",752
43646,31,"M",250
43664,23,"M",724
43721,26,"M",724
43727,20,"M",203
43750,34,"M",724
43761,22,"M",276
43765,18,"M",276
43842,34,"M",826
43845,37,"M",724
43866,23,"M",40
43884,23,"M",276
43896,29,"M",724
43899,26,"M",784
43905,31,"M",250
43924,35,"M",826
43970,38,"F",276
43990,30,"M",276
44002,27,"F",826
44046,30,"M",276
44115,23,"M",724
44147,24,"F",250
44159,62,"M",250
44170,24,"M",703
44174,23,"M",250
44196,23,"M",276
44207,28,"M",250
44217,20,"M",250
44257,25,"M",250
44298,35,"M",276
44349,18,"M",756
44369,23,"M",724
44393,23,"M",203
44396,18,"M",250
44433,20,"M",756
44446,26,"M",250
44475,30,"M",276
44530,20,"M",756
44531,24,"M",250
44532,45,"M",203
44534,20,"M",276
44535,32,"M",276
44581,21,"M",250
44593,20,"M",276
44600,37,"M",40
44613,21,"M",250
44622,29,"M",703
44642,27,"F",56
44677,25,"M",276
44711,19,"M",250
44718,22,"M",442
44729,38,"M",348
44746,34,"M",703
44774,34,"M",56
44775,40,"F",56
44776,21,"M",56
44793,34,"M",276
44827,36,"M",858
44829,27,"M",276
44831,29,"M",203
44843,37,"M",40
44847,31,"M",276
44851,38,"M",40
44862,21,"F",348
44873,27,"M",643
44981,26,"F",826
44994,53,"F",250
45022,27,"M",276
45041,22,"F",756
45056,20,"M",250
45058,20,"M",203
45063,32,"F",826
45083,25,"M",250
45095,24,"M",724
45119,37,"F",250
45172,22,"M",276
45173,50,"F",276
45181,29,"M",276
45200,23,"M",276
45201,36,"M",348
45205,29,"M",826
45207,25,"M",276
45221,25,"M",250
45270,26,"M",250
45285,27,"M",724
45294,34,"M",826
45300,32,"M",56
45358,29,"M",250
45367,24,"M",250
45388,20,"M",250
45394,21,"F",756
45405,41,"M",203
45443,35,"M",276
45445,22,"M",250
45453,38,"M",372
45466,28,"M",276
45467,32,"M",40
45527,18,"F",276
45552,37,"M",276
45561,30,"M",616
45601,19,"M",348
45603,24,"M",250
45626,27,"M",250
45672,22,"M",348
45675,31,"M",56
45693,25,"M",348
45699,26,"M",756
45706,22,"M",643
45732,25,"M",276
45767,29,"M",276
45794,30,"M",250
45810,29,"M",276
45835,25,"M",250
45847,22,"M",528
45850,21,"M",276
45851,44,"F",56
45857,21,"M",756
45868,22,"M",276
45870,25,"M",724
45874,28,"F",348
45916,21,"M",276
45926,28,"M",40
45983,25,"F",250
46056,28,"M",826
46070,29,"M",203
46073,35,"M",528
46074,22,"M",528
46075,19,"M",756
46089,50,"M",56
46097,48,"M",276
46111,27,"M",40
46123,25,"M",276
46138,22,"M",250
46139,33,"M",703
46165,27,"M",250
46185,21,"M",56
46196,26,"M",276
46224,39,"M",276
46225,23,"M",442
46228,30,"M",56
46239,18,"M",250
46258,38,"M",724
46272,24,"M",250
46283,30,"M",31
46286,33,"F",276
46316,29,"M",203
46324,25,"M",250
46334,29,"M",276
46355,32,"M",276
46358,26,"M",250
46361,21,"M",276
46378,23,"M",528
46404,24,"M",398
46413,43,"M",250
46439,28,"M",643
46442,20,"M",276
46456,26,"M",276
46474,26,"M",643
46496,37,"M",392
46498,23,"F",643
46538,36,"M",250
46545,24,"M",703
46548,20,"M",826
46552,30,"F",276
46566,30,"M",250
46568,23,"M",826
46576,28,"M",504
46577,43,"M",348
46607,23,"M",250
46614,24,"M",788
46625,24,"M",276
46627,57,"M",276
46629,35,"M",276
46631,19,"M",250
46647,32,"M",276
46678,29,"M",826
46703,23,"M",724
46716,37,"M",250
46725,30,"M",250
46751,35,"M",616
46760,29,"M",826
46769,37,"M",276
46785,20,"M",40
46788,32,"F",56
46796,24,"M",276
46800,22,"M",276
46802,19,"M",756
46812,20,"M",788
46818,25,"M",276
46821,20,"M",250
46840,26,"M",250
46852,28,"M",724
46854,23,"M",124
46868,31,"M",703
46875,28,"M",826
46888,31,"M",250
46896,29,"M",276
46907,25,"M",276
46909,35,"M",250
46912,56,"F",40
46926,25,"M",643
46931,40,"M",724
46954,35,"M",250
46990,23,"M",276
46991,47,"M",276
47029,25,"F",752
47047,27,"M",276
47099,33,"M",68
47123,27,"M",203
47152,32,"M",276
47161,24,"M",788
47189,40,"M",276
47211,26,"M",250
47245,19,"M",724
47251,38,"M",250
47259,24,"M",528
47302,34,"M",250
47313,34,"M",276
47332,43,"M",276
47354,32,"M",276
47355,28,"M",250
47364,45,"F",250
47383,23,"M",442
47389,21,"M",40
47394,22,"M",203
47423,29,"M",276
47428,27,"M",250
47430,20,"M",56
47436,26,"M",276
47452,29,"M",528
47465,21,"F",276
47489,22,"M",724
47523,34,"M",703
47540,19,"M",826
47555,34,"F",56
47562,49,"M",578
47566,30,"M",250
47567,36,"M",250
47603,41,"M",276
47612,25,"M",203
47615,29,"M",756
47628,29,"M",276
47648,20,"M",56
47665,27,"M",250
47673,34,"M",826
47710,39,"M",276
47713,38,"M",643
47726,31,"M",276
47727,33,"M",250
47736,19,"M",528
47738,21,"M",250
47763,22,"M",862
47770,32,"M",756
47811,36,"M",724
47831,24,"M",276
47855,36,"M",276
47861,36,"M",250
47892,24,"M",40
47899,32,"M",40
47914,26,"M",724
47918,23,"M",616
47926,27,"M",528
47943,25,"F",124
47949,20,"M",643
47990,25,"M",250
47994,33,"M",724
48019,28,"F",703
48024,24,"M",250
48025,37,"M",276
48043,22,"M",360
48047,23,"M",638
48053,18,"M",276
48065,19,"M",756
48083,43,"M",250
48085,35,"M",826
48097,53,"M",250
48124,48,"M",276
48139,27,"M",276
48143,32,"M",250
48165,37,"M",276
48199,21,"M",250
48202,25,"M",276
48208,29,"M",724
48217,32,"M",276
48221,49,"M",276
48223,24,"M",56
48234,26,"M",276
48243,35,"F",724
48252,39,"M",56
48312,20,"F",56
48333,22,"M",826
48339,41,"M",276
48369,46,"M",250
48393,33,"M",528
48438,38,"M",276
48451,30,"F",276
48452,27,"M",250
48453,32,"F",858
48467,21,"M",276
48481,30,"M",56
48497,25,"M",724
48511,27,"M",276
48512,30,"M",826
48538,19,"M",250
48594,22,"M",56
48605,28,"M",250
48609,37,"M",724
48616,32,"M",276
48619,46,"M",643
48649,30,"M",528
48650,30,"M",528
48651,26,"M",276
48662,31,"M",250
48673,29,"M",276
48699,29,"M",276
48734,29,"M",250
48779,36,"M",250
48780,59,"M",276
48783,28,"M",276
48803,26,"M",276
48836,19,"M",348
48888,24,"M",40
48892,44,"M",528
48902,36,"M",250
48903,22,"M",250
48942,30,"M",276
48975,41,"M",276
48991,39,"M",348
48994,34,"M",276
49029,23,"F",528
49048,24,"M",40
49054,20,"M",250
49066,28,"M",276
49070,28,"M",276
49087,23,"M",250
49112,20,"M",276
49154,29,"M",124
49166,20,"M",276
49198,26,"M",348
49229,22,"F",276
49233,35,"M",682
49252,33,"M",276
49258,30,"M",276
49270,19,"M",276
49274,27,"M",276
49280,23,"M",276
49295,29,"M",703
49296,48,"M",276
49307,41,"M",276
49348,26,"M",250
49359,34,"F",250
49362,26,"M",250
49409,60,"F",724
49415,19,"F",250
49428,25,"M",724
49429,27,"M",250
49434,23,"M",31
49442,25,"M",203
49455,21,"M",250
49474,26,"F",348
49497,31,"M",250
49546,35,"M",756
49549,24,"M",40
49569,19,"F",203
49572,32,"M",724
49587,36,"M",703
49591,24,"M",616
49650,31,"M",203
49666,24,"M",203
49675,24,"F",276
49696,22,"M",276
49702,63,"M",276
49733,26,"M",276
49772,20,"M",250
49774,26,"M",250
49790,27,"M",756
49794,24,"M",250
49814,26,"M",276
49817,27,"M",276
49828,18,"M",276
49831,27,"M",56
49832,27,"M",724
49842,27,"M",616
49880,26,"M",250
49884,43,"M",250
49888,29,"M",56
49917,31,"M",56
49989,34,"M",276
49996,33,"M",40
49999,23,"M",56
50055,38,"M",56
50109,30,"M",276
50135,22,"M",40
50143,26,"M",276
50156,18,"M",703
50169,20,"M",276
50174,20,"M",724
50182,24,"M",703
50195,25,"M",756
50202,21,"M",348
50209,30,"M",276
50217,27,"M",276
50219,27,"M",250
50226,24,"M",250
50231,37,"M",752
50246,24,"M",40
50262,27,"M",826
50265,41,"M",124
50272,43,"M",348
50283,19,"M",203
50289,22,"M",528
50326,26,"M",724
50327,31,"M",250
50328,27,"M",40
50330,21,"M",250
50332,28,"M",756
50335,28,"F",276
50342,26,"M",788
50398,28,"M",276
50402,32,"M",250
50418,32,"M",724
50433,33,"M",703
50535,29,"M",250
50563,28,"M",756
50569,22,"M",250
50573,28,"M",250
50586,31,"M",276
50589,20,"M",250
50598,21,"F",826
50632,22,"M",643
50634,25,"M",250
50642,31,"M",826
50650,19,"M",276
50723,28,"M",643
50735,25,"M",826
50738,28,"F",643
50752,20,"M",826
50771,35,"M",250
50782,29,"M",276
50784,19,"M",703
50826,33,"M",56
50827,28,"M",250
50844,18,"M",250
50849,25,"M",250
50877,22,"M",348
50892,33,"M",756
50899,49,"M",276
50912,28,"M",276
50939,27,"M",276
50944,46,"F",348
50946,21,"M",203
50964,22,"M",276
50967,26,"M",724
50978,35,"M",276
50981,31,"M",643
50984,22,"M",528
51005,22,"M",56
51070,23,"M",276
51078,26,"M",250
51105,32,"M",276
51111,38,"M",724
51134,60,"M",250
51169,26,"M",70
51193,28,"M",276
51197,25,"M",250
51198,28,"M",276
51206,21,"M",250
51223,22,"M",756
51227,46,"M",250
51247,29,"M",276
51248,32,"M",276
51257,27,"M",56
51267,20,"M",276
51302,41,"M",250
51343,21,"M",276
51347,18,"M",276
51362,26,"M",250
51366,27,"M",528
51389,26,"M",250
51418,21,"M",276
51421,24,"M",276
51429,35,"M",250
51432,22,"F",756
51482,27,"M",203
51495,31,"M",276
51587,19,"M",756
51599,21,"M",250
51601,31,"M",643
51604,22,"F",703
51605,23,"M",276
51610,31,"M",756
51623,49,"F",40
51633,56,"F",276
51640,33,"M",250
51648,22,"F",40
51649,26,"F",276
51690,27,"M",250
51708,19,"M",528
51713,30,"M",250
51764,35,"M",276
51767,20,"M",40
51809,19,"M",203
51813,48,"M",250
51846,24,"M",276
51856,31,"M",276
51881,25,"M",276
51915,27,"M",348
51920,37,"M",276
51974,24,"M",724
51998,31,"F",250
52017,37,"M",276
52020,46,"F",756
52034,21,"M",276
52069,47,"M",276
52070,32,"M",276
52072,40,"M",703
52079,42,"M",276
52110,39,"M",56
52173,40,"M",276
52177,44,"F",203
52180,24,"M",826
52183,34,"M",756
52200,26,"M",756
52209,43,"M",250
52237,32,"F",250
52251,32,"M",276
52261,24,"M",826
52268,27,"M",276
52309,25,"M",756
52310,38,"M",56
52362,32,"M",250
52366,32,"M",276
52390,21,"M",528
52396,23,"M",250
52400,32,"M",826
52403,24,"M",56
52407,46,"F",56
52409,25,"F",56
52415,25,"M",528
52419,32,"M",276
52430,32,"M",643
52489,26,"F",826
52499,30,"M",348
52507,22,"M",756
52519,28,"M",276
52524,18,"M",276
52534,24,"M",203
52550,44,"M",862
52573,30,"M",250
52580,34,"M",250
52581,42,"M",250
52615,33,"M",250
52621,24,"M",276
52628,20,"M",250
52669,37,"F",276
52678,26,"M",528
52716,22,"M",250
52725,22,"M",56
52727,23,"M",528
52757,34,"M",756
52760,22,"M",250
52761,27,"M",372
52777,25,"M",40
52785,24,"M",276
52810,30,"M",250
52816,25,"M",250
52817,31,"M",826
52832,21,"M",276
52858,27,"M",703
52865,25,"M",250
52893,25,"F",250
52894,28,"M",250
52910,37,"M",250
52922,18,"M",250
52939,28,"M",276
52961,48,"M",788
52968,24,"M",250
53004,22,"M",643
53023,22,"M",250
53032,23,"M",250
53059,23,"M",250
53064,57,"M",276
53073,42,"M",250
53112,25,"M",203
53125,18,"M",724
53130,49,"M",40
53173,37,"M",643
53189,26,"M",56
53206,28,"M",203
53238,35,"M",203
53255,25,"M",250
53260,46,"M",276
53268,26,"M",276
53289,25,"M",276
53307,29,"F",NA
53317,31,"M",203
53323,32,"M",528
53326,18,"M",276
53345,29,"M",484
53370,19,"M",250
53392,36,"M",250
53394,41,"M",56
53417,24,"M",276
53426,27,"M",724
53427,45,"M",250
53451,26,"M",250
53501,23,"M",40
53521,41,"M",826
53526,21,"M",276
53530,24,"F",616
53537,26,"M",276
53579,36,"M",276
53588,35,"M",250
53610,23,"M",250
53648,18,"M",276
53662,22,"M",276
53664,41,"M",724
53667,28,"M",756
53698,26,"M",56
53701,26,"M",276
53716,26,"F",250
53730,31,"M",250
53731,43,"M",40
53733,27,"F",724
53737,18,"M",528
53746,27,"M",40
53751,24,"M",40
53787,20,"M",756
53810,34,"M",40
53860,49,"M",312
53905,34,"M",276
53913,41,"M",276
53916,30,"M",276
53929,37,"M",276
53956,33,"M",276
53960,21,"M",124
53978,25,"M",56
53994,28,"M",250
54009,34,"M",276
54025,23,"M",528
54054,27,"M",724
54055,43,"M",756
54067,23,"M",276
54069,50,"F",250
54089,45,"M",276
54097,24,"M",276
54103,27,"M",276
54178,30,"M",276
54193,44,"M",276
54195,24,"F",276
54225,28,"M",250
54247,36,"M",56
54268,23,"M",276
54286,27,"M",56
54320,24,"M",276
54324,29,"F",276
54328,33,"M",276
54363,29,"M",250
54365,34,"M",276
54375,28,"M",276
54385,26,"M",788
54395,32,"M",276
54409,30,"M",276
54413,27,"M",528
54424,39,"M",56
54470,19,"M",788
54474,23,"M",276
54533,36,"M",348
54534,26,"M",276
54564,40,"M",276
54588,23,"M",250
54591,25,"M",528
54598,23,"M",276
54602,27,"M",616
54604,27,"M",276
54605,22,"M",276
54616,26,"M",276
54656,25,"M",276
54666,41,"M",276
54760,45,"M",276
54762,20,"F",40
54783,24,"M",276
54785,19,"M",250
54801,25,"M",250
54809,24,"M",788
54811,36,"M",756
54817,26,"M",56
54822,21,"M",250
54870,32,"M",250
54885,36,"M",124
54924,26,"M",276
54950,22,"M",276
54966,28,"F",276
54984,35,"M",250
54995,26,"M",276
55027,39,"M",250
55032,24,"M",643
55042,36,"M",724
55044,24,"M",276
55055,63,"F",276
55058,35,"M",348
55065,21,"M",40
55068,47,"M",724
55093,24,"M",276
55115,28,"M",250
55120,41,"M",276
55124,22,"M",276
55148,21,"M",276
55182,23,"M",276
55187,19,"M",250
55203,28,"M",276
55212,34,"M",756
55222,45,"M",372
55233,67,"M",276
55237,31,"F",276
55249,18,"F",56
55261,32,"F",276
55272,26,"M",826
55312,25,"M",276
55317,18,"M",276
55329,21,"M",616
55330,22,"M",826
55339,19,"M",756
55347,28,"M",788
55348,31,"M",703
55404,23,"M",756
55418,21,"M",250
55449,18,"M",724
55466,35,"M",724
55479,33,"M",250
55488,25,"M",756
55518,64,"M",276
55538,24,"M",724
55554,18,"M",276
55562,37,"M",276
55577,23,"M",276
55602,42,"M",724
55614,29,"F",756
55633,21,"M",250
55635,33,"M",56
55644,20,"M",250
55659,31,"M",788
55660,22,"M",250
55663,28,"M",250
55668,23,"M",56
55672,25,"M",784
55674,26,"M",616
55700,20,"M",724
55731,40,"M",276
55732,58,"M",276
55746,25,"M",250
55759,18,"M",826
55769,22,"M",40
55773,29,"M",250
55800,22,"M",398
55812,33,"M",250
55822,27,"M",250
55831,24,"M",56
55832,24,"M",250
55842,22,"M",348
55850,31,"M",756
55856,24,"M",250
55874,20,"M",703
55896,21,"M",703
55897,28,"M",276
55910,33,"M",250
55946,31,"M",250
55955,36,"F",348
55957,34,"M",56
55966,22,"F",250
55998,23,"M",56
56009,36,"M",788
56017,22,"M",616
56042,24,"M",56
56050,37,"F",250
56051,26,"M",616
56053,21,"M",250
56056,29,"M",203
56067,18,"M",250
56075,28,"M",250
56081,37,"M",203
56082,20,"M",276
56103,18,"M",643
56113,28,"M",276
56117,68,"M",724
56162,42,"M",40
56189,23,"M",50
56193,37,"M",250
56221,26,"M",348
56223,27,"M",250
56229,26,"F",348
56258,22,"M",756
56261,58,"M",348
56279,18,"M",756
56284,29,"M",40
56292,35,"M",484
56294,21,"M",703
56302,30,"M",56
56304,30,"F",250
56310,32,"M",40
56342,19,"M",276
56352,37,"M",276
56362,24,"M",276
56365,34,"M",56
56375,27,"M",203
56378,24,"F",528
56392,24,"M",276
56394,56,"M",276
56403,29,"M",756
56410,26,"M",40
56429,28,"M",56
56434,28,"M",250
56441,24,"M",528
56465,23,"M",250
56468,22,"M",40
56477,39,"M",276
56484,25,"M",250
56489,22,"M",643
56508,42,"F",276
56521,29,"F",528
56529,21,"M",250
56537,36,"M",56
56543,22,"M",276
56579,30,"M",250
56600,19,"M",276
56612,21,"M",703
56633,44,"M",250
56639,29,"M",643
56642,26,"M",276
56661,21,"M",372
56665,22,"M",348
56679,21,"M",756
56684,40,"M",276
56720,19,"M",724
56721,23,"M",276
56735,27,"M",276
56756,29,"M",276
56762,37,"M",276
56774,34,"M",250
56778,35,"M",250
56810,24,"M",724
56833,36,"M",724
56851,63,"M",276
56874,21,"M",616
56908,28,"F",250
56912,32,"M",276
56917,28,"M",250
56920,22,"M",250
56928,32,"F",616
56941,32,"M",276
56979,52,"F",724
57014,24,"M",40
57018,35,"M",250
57028,31,"M",756
57045,25,"M",276
57054,27,"M",724
57060,18,"M",250
57061,22,"M",276
57087,47,"F",56
57091,27,"M",276
57115,38,"M",788
57124,26,"M",250
57156,30,"F",724
57173,25,"M",250
57196,20,"M",276
57197,34,"M",276
57198,37,"M",250
57221,23,"M",276
57228,25,"M",250
57235,21,"M",724
57252,19,"M",203
57271,21,"M",276
57301,25,"M",56
57325,27,"M",276
57373,28,"M",703
57397,21,"M",276
57398,31,"M",276
57401,22,"F",788
57402,35,"M",276
57406,19,"M",528
57418,24,"F",203
57419,20,"M",250
57432,44,"M",250
57433,28,"M",250
57438,24,"M",250
57442,21,"M",250
57464,20,"M",604
57524,24,"M",616
57573,20,"M",40
57575,29,"M",203
57584,24,"M",724
57587,26,"M",724
57591,45,"M",724
57668,19,"F",250
57702,20,"M",616
57740,23,"M",276
57747,23,"M",250
57761,18,"M",276
57788,24,"M",276
57863,38,"M",348
57867,25,"M",616
57876,25,"M",276
57929,28,"M",276
57932,29,"M",276
57933,28,"M",276
57938,27,"M",250
57943,26,"M",756
57989,27,"M",276
58049,23,"M",643
58093,28,"M",724
58110,20,"M",276
58115,21,"M",756
58160,19,"M",250
58169,21,"M",276
58192,30,"M",250
58201,53,"M",56
58223,32,"M",703
58227,20,"M",276
58238,28,"F",276
58262,23,"M",56
58285,37,"M",276
58295,34,"M",554
58309,28,"F",528
58316,40,"M",250
58345,26,"M",250
58356,38,"M",250
58391,33,"F",276
58402,25,"M",56
58411,32,"M",250
58415,22,"M",276
58447,18,"M",276
58475,37,"M",276
58482,31,"M",250
58488,19,"M",442
58498,31,"M",276
58501,21,"M",276
58511,18,"M",643
58518,43,"M",250
58542,28,"M",826
58576,23,"M",203
58587,59,"M",250
58593,31,"M",276
58611,21,"M",56
58622,29,"F",643
58634,27,"M",528
58668,53,"M",724
58678,21,"M",56
58683,24,"M",250
58725,23,"M",250
58730,31,"M",250
58735,28,"M",56
58764,47,"M",724
58766,27,"M",276
58776,26,"M",276
58782,22,"M",250
58800,31,"M",40
58803,33,"M",250
58805,22,"M",703
58825,23,"M",250
58842,28,"M",250
58857,24,"M",826
58860,24,"M",616
58865,28,"M",40
58877,30,"M",56
58882,35,"M",528
58887,19,"M",276
58899,38,"M",254
58903,28,"M",276
58907,42,"M",250
58928,25,"M",724
58969,18,"M",724
58982,23,"M",40
58996,37,"M",250
59014,31,"F",724
59016,28,"M",276
59020,20,"M",276
59060,27,"M",250
59079,27,"M",40
59089,26,"M",40
59098,23,"M",276
59100,21,"M",276
59110,25,"M",56
59169,42,"M",250
59171,25,"M",788
59173,24,"M",276
59176,53,"F",56
59202,25,"M",250
59209,20,"M",826
59212,39,"M",276
59219,18,"M",348
59227,27,"M",250
59231,23,"M",826
59232,22,"F",372
59236,25,"M",40
59240,22,"M",250
59277,36,"M",56
59282,26,"M",276
59308,40,"F",250
59352,20,"M",724
59360,51,"M",826
59423,30,"M",528
59431,50,"M",348
59473,29,"M",788
59477,59,"M",276
59529,37,"M",276
59536,35,"M",203
59537,23,"F",724
59541,27,"M",276
59549,18,"M",40
59560,34,"M",250
59561,21,"M",250
59578,26,"M",250
59602,18,"M",724
59620,22,"F",40
59627,18,"M",276
59628,39,"M",756
59640,38,"M",703
59643,20,"M",250
59711,28,"M",276
59726,38,"M",724
59731,32,"M",276
59755,50,"M",724
59778,65,"M",724
59782,20,"M",250
59804,66,"M",528
59805,24,"M",276
59850,44,"M",56
59869,29,"M",724
59877,27,"M",276
59887,26,"M",276
59904,28,"M",250
59960,25,"M",826
59973,28,"M",724
59987,37,"M",724
59998,68,"F",724
60007,21,"M",276
60012,28,"M",756
60035,27,"M",40
60038,24,"M",276
60063,22,"M",250
60081,22,"M",250
60121,20,"M",276
60128,19,"M",276
60133,21,"M",276
60137,20,"M",203
60165,34,"M",276
60174,31,"M",756
60182,27,"M",788
60216,35,"M",756
60218,34,"M",250
60234,28,"M",276
60238,44,"M",276
60247,18,"M",703
60291,24,"F",276
60299,23,"M",56
60307,20,"M",276
60316,25,"M",276
60343,21,"M",276
60396,24,"M",724
60444,26,"F",276
60507,20,"M",40
60512,22,"M",756
60556,51,"F",276
60586,33,"M",276
60598,24,"M",40
60623,27,"M",276
60634,23,"M",276
60647,18,"M",250
60649,35,"M",250
60660,18,"M",250
60675,23,"M",724
60702,25,"M",616
60716,18,"M",40
60780,25,"M",826
60800,24,"M",56
60815,22,"M",250
60853,28,"M",643
60855,20,"M",250
60916,24,"M",250
60975,21,"F",276
60983,44,"M",826
60986,28,"M",250
60990,50,"F",276
60995,27,"M",756
61033,27,"M",528
61034,24,"M",276
61071,26,"M",276
61104,36,"M",276
61138,34,"M",616
61139,29,"M",826
61185,25,"M",203
61204,30,"F",40
61221,29,"M",756
61228,37,"M",NA
61250,32,"M",528
61261,26,"M",276
61266,31,"M",348
61272,25,"M",616
61280,18,"F",276
61299,26,"F",276
61339,31,"M",250
61343,26,"M",250
61348,27,"M",276
61400,25,"M",724
61402,18,"M",276
61409,28,"M",788
61412,20,"M",250
61454,38,"M",276
61469,30,"F",616
61491,21,"M",56
61530,21,"M",250
61532,22,"M",276
61539,53,"M",724
61581,51,"F",56
61585,23,"F",348
61620,27,"M",643
61648,20,"F",276
61673,35,"M",276
61686,30,"M",752
61694,27,"F",756
61762,24,"F",616
61765,19,"M",250
61771,31,"M",276
61822,38,"M",250
61838,30,"M",40
61861,57,"M",250
61883,22,"M",250
61897,21,"M",724
61900,30,"M",250
61931,47,"M",276
61948,32,"M",788
61967,28,"M",348
61989,22,"M",348
61992,47,"M",250
62013,34,"M",250
62015,18,"M",250
62067,20,"M",276
62083,24,"M",250
62087,37,"M",276
62109,35,"M",276
62115,27,"F",250
62141,22,"M",826
62203,30,"M",348
62207,18,"M",276
62219,28,"M",788
62247,26,"M",203
62287,25,"M",724
62292,52,"F",56
62298,48,"F",250
62314,37,"F",276
62333,21,"M",276
62353,36,"M",40
62355,51,"M",276
62365,27,"M",348
62413,32,"M",250
62443,25,"F",276
62452,23,"M",724
62463,36,"M",250
62496,23,"F",276
62529,27,"M",643
62530,32,"M",724
62573,27,"M",826
62576,21,"M",276
62593,33,"M",276
62606,31,"M",250
62636,25,"M",826
62642,36,"M",724
62650,32,"M",250
62665,23,"M",40
62670,23,"M",276
62680,32,"M",756
62686,21,"M",250
62692,28,"M",40
62743,20,"M",276
62773,19,"M",826
62777,24,"M",250
62783,35,"M",528
62824,23,"M",276
62827,21,"M",40
62834,26,"M",250
62838,20,"M",250
62858,30,"M",348
62879,57,"M",56
62918,31,"M",56
62935,33,"M",276
62941,26,"M",276
62947,19,"M",276
62997,73,"M",276
63058,18,"M",56
63063,45,"F",8
63064,24,"M",724
63080,62,"M",250
63086,24,"M",276
63097,21,"M",276
63115,36,"M",250
63129,23,"M",250
63157,18,"M",250
63159,37,"F",724
63172,24,"M",250
63178,18,"M",56
63208,18,"M",40
63209,19,"M",40
63240,20,"M",250
63265,19,"M",756
63303,20,"M",40
63316,23,"M",643
63321,34,"M",826
63333,23,"F",250
63348,46,"M",276
63363,33,"M",40
63369,26,"M",250
63371,23,"M",250
63381,21,"M",826
63444,18,"M",276
63464,27,"M",276
63491,18,"M",250
63505,26,"M",276
63512,22,"M",616
63540,50,"M",276
63571,19,"M",348
63578,21,"M",250
63625,18,"M",276
63626,28,"M",250
63657,32,"F",56
63661,29,"M",276
63679,50,"M",250
63697,37,"M",724
63698,28,"F",250
63723,25,"M",250
63743,26,"M",250
63748,24,"M",250
63756,23,"M",788
63773,20,"M",276
63784,18,"M",276
63788,31,"F",616
63819,29,"M",56
63874,24,"M",40
63876,40,"F",NA
63878,29,"M",56
63897,34,"M",578
63909,24,"M",276
63914,27,"M",528
63923,26,"M",492
63940,33,"M",276
63942,32,"M",276
63961,30,"M",276
63976,26,"M",703
63997,23,"M",826
63999,21,"M",276
64016,37,"M",788
64023,26,"M",250
64026,34,"F",250
64033,46,"M",250
64076,21,"M",724
64079,28,"M",724
64095,18,"M",276
64128,24,"M",56
64147,18,"M",756
64155,18,"M",276
64160,42,"M",276
64173,21,"M",348
64206,23,"M",276
64221,28,"M",250
64273,33,"M",756
64279,20,"M",276
64290,33,"M",724
64306,20,"M",276
64318,28,"M",203
64335,36,"M",756
64377,26,"M",250
64432,36,"M",276
64454,22,"M",826
64472,27,"M",250
64477,18,"M",276
64499,25,"M",276
64504,53,"F",250
64532,30,"F",276
64567,23,"M",250
64575,23,"M",250
64588,26,"M",250
64666,22,"M",56
64670,26,"M",250
64699,35,"M",826
64708,33,"M",276
64740,27,"M",788
64756,18,"M",616
64769,24,"M",276
64782,31,"M",56
64797,38,"M",56
64800,36,"M",250
64811,34,"M",756
64833,55,"M",442
64854,56,"M",203
64867,36,"M",250
64868,43,"M",528
64879,30,"M",276
64892,22,"M",276
64894,27,"M",40
64907,38,"M",643
64938,31,"M",724
64953,23,"M",826
64972,28,"F",826
64999,26,"M",40
65017,23,"M",276
65036,25,"M",203
65043,25,"M",276
65045,29,"M",484
65078,33,"M",276
65080,21,"M",724
65103,24,"M",250
65153,35,"M",826
65170,18,"M",250
65181,21,"M",56
65188,27,"F",276
65192,28,"M",250
65193,18,"M",756
65197,25,"M",724
65211,26,"M",56
65228,29,"M",250
65229,39,"M",56
65248,28,"M",276
65252,22,"M",250
65254,20,"M",276
65267,24,"M",276
65273,40,"M",756
65302,30,"M",250
65304,20,"M",276
65317,22,"M",276
65321,26,"M",756
65323,37,"M",250
65328,33,"M",250
65359,18,"M",276
65368,33,"M",124
65404,22,"M",703
65407,22,"M",276
65408,22,"M",348
65413,22,"M",788
65433,49,"M",470
65437,24,"M",40
65438,21,"M",276
65452,21,"F",703
65453,26,"M",276
65489,40,"M",250
65504,26,"M",250
65505,33,"M",250
65508,21,"F",250
65523,19,"M",250
65525,24,"M",276
65530,39,"F",56
65570,22,"M",276
65578,28,"M",203
65590,33,"M",348
65596,40,"M",276
65608,35,"M",348
65632,41,"M",528
65638,32,"M",276
65641,25,"M",276
65643,50,"M",250
65658,29,"M",528
65662,39,"F",250
65679,23,"M",40
65691,19,"M",643
65705,18,"M",528
65710,24,"M",250
65736,52,"M",56
65754,22,"M",528
65756,27,"M",724
65758,50,"M",250
65763,23,"F",40
65776,19,"M",348
65786,21,"F",276
65816,37,"M",56
65839,25,"M",276
65881,24,"M",250
65886,23,"M",250
65908,56,"M",40
65928,30,"M",724
65934,24,"M",276
65940,48,"M",276
65951,23,"M",784
65977,19,"M",250
65981,39,"M",724
65986,33,"M",643
65992,29,"M",276
66008,39,"M",276
66042,48,"M",276
66055,24,"M",788
66067,23,"M",724
66075,33,"M",276
66091,19,"M",40
66102,43,"M",276
66138,25,"M",250
66141,21,"M",724
66154,20,"M",276
66158,24,"M",250
66161,22,"M",250
66187,21,"M",528
66191,44,"M",250
66197,21,"M",724
66205,22,"M",756
66212,36,"M",528
66235,18,"M",276
66246,22,"M",276
66248,22,"M",276
66249,38,"M",203
66261,35,"F",276
66266,30,"M",276
66273,20,"M",703
66289,44,"M",250
66290,28,"M",250
66292,32,"M",250
66316,35,"F",250
66326,56,"F",40
66328,30,"M",250
66334,27,"M",276
66346,32,"M",276
66353,36,"M",703
66361,29,"M",250
66384,26,"M",276
66402,39,"M",276
66424,24,"M",56
66438,30,"M",56
66460,27,"M",276
66464,22,"M",276
66471,21,"M",276
66481,22,"M",276
66505,37,"M",348
66516,18,"M",756
66557,20,"M",724
66566,29,"M",276
66568,25,"M",250
66570,39,"M",398
66585,33,"M",56
66590,37,"M",250
66593,47,"M",276
66618,36,"M",276
66660,38,"M",40
66680,47,"M",276
66688,18,"M",348
66691,25,"M",276
66703,41,"M",56
66708,48,"F",276
66736,45,"F",31
66739,23,"M",250
66749,21,"M",276
66819,41,"M",276
66840,21,"M",276
66853,28,"M",788
66859,25,"M",276
66916,29,"M",528
66919,28,"M",250
66925,37,"M",250
66934,23,"M",276
66956,50,"F",826
66967,30,"F",250
66976,19,"M",348
66986,20,"M",276
67013,27,"M",276
67016,24,"M",276
67040,24,"M",276
67065,46,"M",250
67068,21,"M",250
67077,34,"M",250
67092,24,"M",40
67099,30,"M",250
67130,29,"M",276
67168,21,"M",56
67169,18,"M",250
67191,22,"M",203
67214,29,"M",276
67215,32,"M",276
67228,24,"M",276
67276,53,"M",276
67316,24,"M",40
67322,29,"M",724
67343,26,"M",203
67358,31,"M",56
67365,27,"M",250
67370,23,"M",788
67376,30,"M",276
67387,22,"M",250
67409,30,"M",276
67430,36,"M",250
67435,25,"M",616
67467,30,"F",40
67537,38,"M",250
67545,18,"M",250
67551,24,"F",250
67592,22,"M",56
67620,32,"M",56
67627,19,"M",276
67630,24,"M",348
67644,18,"M",276
67660,47,"M",276
67672,44,"M",276
67682,22,"F",250
67687,24,"M",724
67697,38,"M",724
67699,24,"M",643
67705,26,"M",276
67706,29,"M",40
67722,49,"M",724
67724,54,"M",276
67730,41,"M",826
67756,26,"M",528
67758,21,"M",724
67806,32,"F",250
67849,26,"M",276
67863,20,"M",250
67872,28,"M",250
67881,32,"M",250
67885,37,"M",56
67893,27,"M",250
67894,29,"M",276
67898,64,"M",250
67911,20,"M",250
67923,27,"M",250
67927,33,"M",756
67933,25,"M",276
67937,27,"M",56
67938,20,"M",826
67940,29,"M",348
67947,49,"F",250
67950,38,"M",250
67955,23,"M",250
67967,20,"M",276
67979,38,"M",638
67997,22,"M",616
68005,28,"M",616
68008,31,"M",250
68012,33,"M",372
68015,29,"M",528
68029,26,"M",276
68030,41,"M",250
68041,32,"M",70
68049,44,"M",276
68120,29,"F",276
68124,39,"M",250
68125,34,"M",276
68141,30,"M",250
68150,33,"M",276
68151,32,"M",724
68219,23,"M",276
68222,40,"M",276
68228,27,"M",578
68301,23,"M",826
68303,27,"M",250
68304,24,"M",276
68318,24,"M",724
68319,32,"M",788
68324,40,"M",826
68338,23,"F",40
68345,23,"M",826
68362,25,"M",56
68363,29,"M",56
68365,34,"M",56
68406,50,"M",40
68445,25,"M",250
68461,22,"M",203
68471,22,"M",348
68474,23,"M",250
68506,33,"M",826
68523,27,"M",616
68535,28,"M",276
68562,24,"M",56
68563,29,"M",276
68568,25,"M",276
68577,34,"M",276
68596,22,"M",40
68604,37,"M",276
68609,42,"M",724
68613,20,"M",250
68644,26,"M",276
68668,19,"M",276
68678,25,"M",724
68700,26,"M",276
68745,27,"M",40
68747,62,"M",124
68749,32,"M",392
68759,31,"M",826
68761,30,"M",276
68773,41,"M",276
68777,29,"M",276
68812,26,"M",276
68821,29,"M",188
68823,36,"M",484
68831,32,"M",276
68879,36,"F",703
68882,33,"M",528
68892,23,"M",250
68894,26,"M",250
68905,23,"M",250
68908,28,"M",250
68909,29,"M",250
68912,39,"M",250
68921,21,"M",250
68922,23,"M",250
68934,28,"M",724
68967,34,"F",250
68983,21,"M",56
68992,23,"M",70
69015,33,"M",724
69018,24,"M",826
69020,26,"M",276
69026,18,"M",276
69047,19,"M",40
69049,19,"M",528
69070,30,"M",764
69117,24,"M",276
69123,22,"M",203
69137,18,"M",40
69150,19,"M",250
69166,21,"M",756
69186,57,"F",756
69195,25,"M",826
69208,18,"M",250
69225,26,"M",724
69226,23,"M",276
69247,35,"M",756
69251,31,"M",56
69273,51,"M",40
69274,22,"M",276
69275,22,"M",276
69280,24,"M",276
69343,20,"M",276
69370,27,"M",NA
69384,37,"M",250
69418,42,"M",276
69434,24,"M",50
69435,25,"M",826
69463,28,"F",40
69487,19,"M",276
69490,27,"M",724
69499,33,"M",250
69516,35,"M",250
69523,44,"M",826
69544,28,"M",56
69559,35,"M",250
69602,24,"M",250
69644,32,"F",250
69670,29,"M",250
69672,26,"M",250
69694,50,"M",250
69701,35,"M",56
69708,23,"M",250
69725,34,"M",703
69736,25,"M",250
69756,41,"M",250
69798,38,"M",250
69816,42,"M",250
69818,34,"M",643
69826,44,"M",250
69961,30,"M",470
69963,23,"M",250
69970,32,"M",276
69974,35,"M",250
69993,27,"M",442
70011,37,"M",56
70014,19,"M",616
70140,29,"M",756
70146,49,"M",276
70154,25,"M",276
70172,28,"M",276
70185,35,"M",724
70203,27,"M",442
70216,33,"M",276
70227,20,"M",40
70238,19,"M",250
70246,28,"M",250
70285,19,"M",276
70286,45,"M",250
70292,31,"M",276
70302,34,"M",276
70311,22,"M",276
70321,25,"M",276
70365,33,"M",56
70370,24,"M",276
70383,25,"M",616
70389,34,"M",276
70390,24,"M",724
70398,28,"M",40
70399,27,"M",276
70411,22,"M",756
70418,22,"M",348
70497,32,"F",276
70498,24,"M",250
70510,24,"M",276
70558,22,"M",250
70566,26,"M",276
70575,24,"M",203
70600,41,"M",56
70624,29,"M",250
70652,31,"M",348
70657,43,"F",250
70682,31,"M",250
70689,21,"M",826
70700,18,"M",276
70734,18,"M",528
70744,34,"M",276
70753,20,"M",756
70761,24,"M",276
70766,25,"M",250
70831,22,"M",56
70871,48,"F",276
70894,26,"M",276
70897,24,"M",268
70902,26,"M",203
70917,25,"M",250
70919,21,"M",250
70929,23,"M",250
70958,34,"M",276
70972,29,"M",250
70978,21,"M",276
71011,25,"M",203
71030,18,"M",56
71068,32,"M",276
71073,31,"M",250
71076,21,"M",56
71091,33,"M",276
71123,39,"M",250
71156,20,"M",276
71163,20,"M",203
71189,22,"M",250
71212,21,"M",826
71215,30,"M",56
71229,24,"M",276
71294,21,"M",40
71305,31,"M",250
71318,26,"M",276
71334,20,"M",250
71367,19,"M",250
71370,25,"M",276
71398,27,"M",56
71408,38,"M",724
71449,22,"M",250
71458,27,"M",276
71475,65,"F",276
71491,27,"M",724
71494,23,"M",276
71514,59,"M",276
71530,22,"M",756
71534,24,"F",276
71535,38,"M",442
71539,26,"M",250
71541,28,"M",528
71546,28,"M",276
71547,22,"M",203
71552,20,"M",250
71568,18,"M",276
71571,19,"M",826
71587,26,"M",250
71612,42,"F",724
71632,30,"M",276
71633,24,"F",250
71718,22,"F",203
71724,28,"M",276
71746,25,"M",276
71760,28,"M",250
71777,21,"M",203
71787,26,"M",703
71788,23,"M",56
71859,23,"M",250
71870,30,"F",40
71918,46,"F",276
71934,34,"M",250
71937,28,"M",250
71948,20,"M",250
71949,29,"F",724
71955,20,"M",276
71958,65,"M",643
71961,32,"M",276
72007,18,"M",703
72025,23,"M",250
72028,23,"M",276
72063,24,"M",250
72072,29,"M",276
72080,28,"M",276
72148,28,"M",826
72171,25,"M",826
72185,47,"M",276
72189,54,"M",724
72212,44,"M",276
72248,28,"M",40
72260,21,"M",724
72262,26,"M",276
72269,25,"M",203
72317,20,"M",276
72360,34,"M",250
72364,19,"M",276
72365,29,"M",250
72391,25,"M",56
72394,18,"M",528
72400,50,"M",826
72412,27,"M",276
72414,27,"M",756
72426,23,"M",643
72466,31,"M",250
